Location,Abbeyhill,Baberton and Juniper Green,Balerno and Bonnington Village,Balgreen and Roseburn,"Barnton, Cammo and Cramond South","Bingham, Magdalene and The Christians","Blackford, West Mains and Mayfield Road",Blackhall,Bonaly and The Pentlands,Bonnington,Boswall and Pilton,Broomhouse and Bankhead,Broughton North and Powderhall,Broughton South,Bruntsfield,"Canongate, Southside and Dumbiedykes",Canonmills and New Town North,Carrick Knowe,Clermiston and Drumbrae,Clovenstone and Wester Hailes,Colinton and Kingsknowe,Colinton Mains and Firrhill,Comely Bank,Comiston and Swanston,Corstorphine,Corstorphine North,Corstorphine South,Craigentinny,"Craigleith, Orchard Brae and Crewe Toll",Craiglockhart,Craigmillar,Cramond,Currie East,Currie West,"Dalmeny, Kirkliston and Newbridge",Dalry and Fountainbridge,Deans Village,Drylaw,Duddingston and Portobello South,East Craigs North,East Craigs South,Easter Road and Hawkhill Avenue,Fairmilehead,Fernieside and Moredun South,Gilmerton South and the Murrays,Gorgie East,Gorgie West,"Gracemount, Southhouse and Burdiehouse",Granton and Royston Mains,Granton South and Wardieburn,Granton West and Salvesen,Great Junction Street,Greenbank and The Braids,Hillside and Calton Hill,Hyvots and Gilmerton,"Inverleith, Goldenacre and Warriston","Jewel, Brunstane and Newcraighall",Joppa,Leith (Albert Street),Leith (Hermitage and Prospect Bank),Liberton East,Liberton West and Braid Hills,Longstone and Saughton,Marchmont East and Sciennes,Marchmont West,Meadowbank and Abbeyhill North,Meadows and Southside,Merchiston and Greenhill,Moredun and Craigour,Morningside,Morningside and Craighouse,Mortonhall and Anwickhill,Mountcastle,Muirhouse,Murrayburn and Wester Hailes North,Murrayfield and Ravelston,New Town East and Gayfield,New Town West,Newington and Dalkeith Road,Niddrie,North Leith and Newhaven,Northfield and Piershill,"Old Town, Princes Street and Leith Street",Oxgangs,Parkhead and Sighthill,Pilrig,Polwarth,Portobello,Prestonfield,Queensferry East,Queensferry West,"Ratho, Ingliston and Gogar",Restalrig (Loganlea) and Craigentinny West,Restalrig and Lochend,Shandon,Silverknowes and Davidson's Mains,Slateford and Chesser,South Gyle,South Leith,Stenhouse and Saughton Mains,Stockbridge,The Calders,The Grange,The Inch,The Shore and Constitution Street,Tollcross,Trinity,Trinity East and The Dudleys,West Pilton,Western Harbour and Leith Docks,Willowbrae and Duddingston Village
Abbeyhill,,9.093,13.486,5.262,8.697,3.793,3.127,5.744,8.269,2.16,4.075,7.524,1.842,1.42,3.22,1.179,1.939,6.77,7.541,8.301,7.148,6.37,3.187,6.502,7.171,7.342,7.535,2.238,4.01,5.765,3.064,8.55,10.477,11.486,14.5,3.372,3.353,5.06,2.967,8.468,8.433,0.743,6.038,5.316,6.256,4.02,4.795,5.944,4.74,4.448,5.584,1.924,5.348,0.65,5.834,2.893,4.516,4.466,0.942,1.483,5.053,4.513,6.808,2.275,2.719,0.475,1.891,3.697,4.898,3.885,4.677,5.756,2.283,5.972,7.937,4.667,1.365,2.163,1.926,3.814,2.719,1.762,1.452,6.436,7.789,1.451,3.843,3.334,2.522,14.234,15.579,12.594,1.52,1.218,4.517,6.488,5.48,8.44,1.329,6.321,2.641,8.774,2.747,3.993,2.215,2.521,3.404,2.849,4.99,2.76,1.509
Baberton and Juniper Green,9.093,,4.4,4.54,6.261,11.531,7.273,6.021,1.604,9.468,8.298,2.287,8.63,8.871,5.874,7.963,8.053,3.38,5.4,0.8,2.362,3.532,6.946,4.345,3.909,4.699,3.014,11.13,6.823,3.361,9.503,7.275,1.386,2.397,8.995,5.822,6.154,6.771,10.974,5.312,4.474,9.559,5.425,9.626,9.171,5.214,4.444,8.023,8.481,8.7,7.847,10.045,4.295,8.945,9.05,8.434,11.878,12.592,9.242,10.395,8.588,7.623,2.384,7.007,6.46,9.568,7.329,5.434,9.178,5.535,4.689,7.261,10.84,7.111,1.343,5.453,8.343,7.535,7.807,10.658,10.058,10.367,7.681,3.896,1.761,9.417,5.286,11.896,8.291,10.788,11.876,5.56,10.555,10.298,4.596,6.699,3.671,3.369,9.871,3.205,7.433,1.266,6.955,8.248,10.571,6.6,8.991,9.623,7.528,10.513,10.002
Balerno and Bonnington Village,13.486,4.4,,8.806,9.181,15.733,11.474,9.967,5.413,13.828,12.473,6.372,13.004,13.259,10.266,12.346,12.431,7.439,8.816,5.199,6.494,7.554,11.275,8.071,7.672,8.262,6.835,15.49,11.055,7.73,13.668,10.31,3.013,2.05,9.105,10.22,10.526,10.822,15.235,8.33,7.556,13.959,9.123,13.413,12.711,9.605,8.829,11.601,12.557,12.824,11.764,14.427,8.478,13.345,12.689,12.74,16.007,16.817,13.64,14.794,12.39,11.547,6.758,11.363,10.828,13.961,11.698,9.809,13.029,9.834,8.98,10.895,15.167,10.946,5.65,9.704,12.737,11.917,12.127,14.781,14.398,14.709,12.079,7.77,5.936,13.806,9.685,16.202,12.521,11.852,12.581,5.614,14.936,14.694,8.996,10.409,8.066,6.602,14.267,7.484,11.787,5.021,11.245,12.26,14.955,11,13.249,13.941,11.565,14.866,14.344
Balgreen and Roseburn,5.262,4.54,8.806,,4.219,8.565,4.917,1.991,4.497,5.073,3.771,2.457,4.299,4.627,2.541,4.359,3.76,1.526,2.883,3.776,3.674,3.862,2.493,4.78,1.958,2.38,2.288,7.488,2.284,2.344,6.876,4.644,5.86,6.757,9.561,2.004,1.921,2.418,7.831,3.633,3.339,5.522,5.306,8.066,8.238,1.429,1.028,7.26,4.021,4.199,3.609,5.734,3.422,4.913,7.932,3.935,9.127,9.476,5.114,6.3,7.183,6.118,2.222,3.837,3.303,5.705,3.978,2.562,7.535,3.278,2.971,6.581,7.403,3.089,3.203,0.913,4.179,3.287,4.734,8.039,5.607,6.877,3.829,4.31,2.87,5.164,1.808,8.497,5.592,9.964,11.278,7.345,6.78,6.352,1.584,3.001,1.419,3.183,5.693,1.336,3.044,3.807,4.239,6.342,6.265,2.862,4.457,5.138,3.145,6.088,6.538
"Barnton, Cammo and Cramond South",8.697,6.261,9.181,4.219,,12.367,9.089,2.954,7.212,7.568,5.273,4.294,7.134,7.584,6.664,8.107,6.805,3.631,1.337,5.88,6.922,7.597,5.512,8.623,2.767,1.961,3.457,10.883,4.698,6.147,10.899,1.13,7.008,7.434,5.874,6.015,5.604,3.706,11.573,0.949,1.79,8.676,9.345,12.266,12.456,5.573,5.233,11.462,4.912,5.301,3.792,8.352,7.457,8.164,12.151,6.247,13.009,13.15,8.194,9.265,11.399,10.336,5.138,7.874,7.397,9.052,7.922,6.769,11.735,7.497,7.132,10.764,10.977,3.013,5.262,4.275,7.367,6.536,8.727,12.016,7.791,10.45,7.457,8.097,4.772,8.008,5.981,12.028,9.656,5.758,7.084,5.072,10.104,9.523,5.795,2.355,5.331,2.897,8.599,4.403,6.062,5.002,8.377,10.535,8.813,6.751,6.287,7.244,4.074,8.302,10.159
"Bingham, Magdalene and The Christians",3.793,11.531,15.733,8.565,12.367,,4.266,9.423,10.32,5.703,7.852,10.481,5.612,5.163,6.093,4.27,5.724,9.958,11.144,10.805,9.254,8.182,6.885,7.815,10.523,10.845,10.7,2.214,7.742,8.24,2.078,12.302,12.844,13.881,18.07,6.561,6.807,8.81,0.828,12.038,11.885,4.124,6.911,3.578,4.845,7.16,7.831,5.284,8.508,8.196,9.376,5.126,7.267,4.421,4.503,6.665,0.774,1.102,4.576,4.059,4.13,4.477,9.556,4.777,5.346,3.58,4.59,6.319,3.541,6.018,6.849,5.609,1.674,9.746,10.617,8.168,5.152,5.875,3.879,1.171,6.045,2.093,4.91,8.012,10.61,4.994,6.843,1.347,3.241,17.987,19.332,15.84,2.839,3.516,7.383,10.235,8.319,11.697,4.538,9.347,6.385,11.552,4.616,3.675,5.053,5.717,7.1,6.368,8.781,5.829,2.285
"Blackford, West Mains and Mayfield Road",3.127,7.273,11.474,4.917,9.089,4.266,,6.366,6.062,4.967,5.982,6.409,4.261,4.069,2.43,2.194,3.906,6.081,7.766,6.561,4.988,3.935,4.29,3.711,6.785,7.297,6.766,4.341,5.093,4.038,2.233,9.33,8.578,9.615,14.423,3.113,3.679,6.094,3.776,8.549,8.21,3.865,3.022,3.197,3.658,3.518,3.985,3.016,6.628,6.481,7.067,4.981,3.001,3.503,3.276,5.04,4.613,5.344,3.912,4.574,2.455,1.559,5.409,1.45,1.744,3.482,1.68,2.373,2.666,1.836,2.618,2.68,3.857,7.084,6.419,4.859,3.6,3.639,1.205,3.405,5.633,3.499,2.665,3.816,6.465,4.389,3.115,4.802,1.059,14.847,16.171,11.849,4.049,4.166,3.451,7.362,4.28,7.807,4.436,5.37,4.098,7.371,0.757,1.461,5.331,2.586,5.75,5.578,6.407,5.794,3.162
Blackhall,5.744,6.021,9.967,1.991,2.954,9.423,6.366,,6.31,4.761,2.694,3.739,4.233,4.671,3.953,5.177,3.866,2.642,1.857,5.348,5.598,5.853,2.558,6.764,2.302,1.93,3.137,7.939,1.763,4.332,8.024,2.974,7.203,7.963,8.779,3.254,2.733,0.934,8.625,2.805,3.014,5.747,7.236,9.562,9.903,2.965,2.936,9.004,2.62,2.932,1.827,5.532,5.377,5.22,9.562,3.438,10.076,10.196,5.27,6.376,8.771,7.743,3.964,5.049,4.628,6.105,5.05,4.195,9.032,4.987,4.856,8.373,8.024,1.133,4.704,1.541,4.422,3.582,5.862,9.114,5.093,7.496,4.516,6.3,4.26,5.124,3.377,9.077,6.818,8.602,9.944,7.308,7.165,6.6,3.436,1.043,3.407,3.524,5.713,3.005,3.113,5.01,5.623,7.827,6.023,3.889,3.652,4.553,1.618,5.61,7.206
Bonaly and The Pentlands,8.269,1.604,5.413,4.497,7.212,10.32,6.062,6.31,,8.985,8.207,2.923,8.116,8.283,5.102,7.098,7.533,3.812,6.149,1.422,1.122,2.145,6.619,2.808,4.563,5.416,3.762,10.158,6.7,2.586,8.256,8.116,2.617,3.631,10.526,5.238,5.721,6.902,9.829,6.283,5.491,8.819,3.895,8.159,7.629,4.72,4.043,6.484,8.511,8.665,8.069,9.469,3.073,8.225,7.532,8.115,10.603,11.404,8.565,9.662,7.121,6.205,2.346,6.055,5.555,8.739,6.413,4.579,7.734,4.474,3.629,5.73,9.797,7.441,1.962,5.369,7.724,7.01,6.765,9.376,9.626,9.357,6.937,2.414,2.443,8.816,4.665,10.813,7.112,12.146,13.285,7.149,9.655,9.487,3.994,7.156,3.257,4.447,9.204,3.304,7.019,2.563,5.865,6.883,9.98,5.893,8.751,9.249,7.64,10.037,8.994
Bonnington,2.16,9.468,13.828,5.073,7.568,5.703,4.967,4.761,8.985,,2.38,7.526,0.876,0.9,4.008,2.774,1.454,6.564,6.615,8.672,7.914,7.403,2.581,7.797,6.707,6.623,7.297,3.687,3.065,6.4,5.224,7.178,10.837,11.781,13.441,3.748,3.315,3.886,4.885,7.561,7.736,1.597,7.576,7.463,8.354,4.287,5.032,7.937,2.954,2.592,3.99,0.785,6.437,1.558,7.934,1.327,6.466,6.149,1.221,1.808,7.133,6.477,7.084,3.716,3.897,2.172,3.366,4.584,7.029,5.089,5.703,7.647,4.047,4.599,8.179,4.236,1.427,1.975,3.8,5.914,0.691,3.614,2.407,7.6,7.909,0.727,4.322,4.9,4.589,12.771,14.104,12.029,2.923,2.241,4.992,5.223,5.822,8.024,1.191,6.358,2.042,8.869,4.388,6.054,1.263,3.205,1.451,0.691,3.529,1.053,3.489
Boswall and Pilton,4.075,8.298,12.473,3.771,5.273,7.852,5.982,2.694,8.207,2.38,,6.111,2.24,2.693,4.071,4.064,2.236,5.034,4.461,7.545,7.272,7.115,1.851,7.79,4.92,4.623,5.67,5.99,1.507,5.776,6.958,4.809,9.588,10.435,11.126,3.47,2.779,1.76,7.024,5.386,5.697,3.775,7.901,8.96,9.626,3.695,4.208,8.966,0.676,0.522,1.61,3.157,6.322,3.434,9.229,1.188,8.587,8.42,3.297,4.174,8.402,7.534,5.99,4.534,4.397,4.281,4.328,4.582,8.466,5.322,5.622,8.5,6.258,2.264,6.955,2.862,2.76,2.355,5.046,7.855,2.519,5.773,3.414,7.449,6.583,2.96,3.952,7.197,6.002,10.392,11.726,9.975,5.206,4.548,4.439,2.919,4.963,6.194,3.526,5.096,1.885,7.455,5.252,7.336,3.576,3.495,1.014,1.973,1.2,3.029,5.57
Broomhouse and Bankhead,7.524,2.287,6.372,2.457,4.294,10.481,6.409,3.739,2.923,7.526,6.111,,6.737,7.042,4.435,6.495,6.185,1.102,3.241,1.679,2.708,3.603,4.948,4.641,1.673,2.512,0.838,9.698,4.683,2.481,8.59,5.197,3.489,4.327,8.307,4.152,4.294,4.517,9.819,3.376,2.617,7.872,5.553,9.262,9.108,3.504,2.735,8,6.242,6.484,5.566,8.173,3.841,7.255,8.89,6.385,10.949,11.474,7.494,8.678,8.265,7.205,1.09,5.724,5.15,7.987,5.97,4.163,8.757,4.574,3.863,7.241,9.521,4.824,1.022,3.338,6.564,5.692,6.609,9.777,8.063,9.011,6.072,4.102,0.535,7.586,3.718,10.612,7.302,9.476,10.687,5.447,9.038,8.675,3.109,4.421,2.162,1.687,8.095,1.205,5.49,1.354,5.894,7.659,8.704,5.014,6.877,7.59,5.272,8.545,8.655
Broughton North and Powderhall,1.842,8.63,13.004,4.299,7.134,5.612,4.261,4.233,8.116,0.876,2.24,6.737,,0.464,3.135,2.102,0.583,5.811,6.086,7.832,7.041,6.53,1.84,6.939,6.022,6.017,6.558,3.806,2.477,5.53,4.821,6.863,10.004,10.959,12.999,2.878,2.478,3.431,4.784,7.033,7.132,1.571,6.753,6.959,7.764,3.431,4.187,7.266,2.9,2.606,3.789,1.436,5.567,1.196,7.351,1.053,6.348,6.201,1.083,2.143,6.534,5.802,6.249,2.933,3.06,2.045,2.607,3.712,6.496,4.237,4.832,6.926,4.027,4.263,7.354,3.505,0.665,1.107,3.146,5.648,1.551,3.536,1.619,6.732,7.102,0.901,3.451,4.998,4.018,12.525,13.866,11.403,3.017,2.398,4.125,4.836,4.972,7.336,1.482,5.555,1.259,8.07,3.631,5.45,1.967,2.335,1.597,1.34,3.232,1.923,3.33
Broughton South,1.42,8.871,13.259,4.627,7.584,5.163,4.069,4.671,8.283,0.9,2.693,7.042,0.464,,3.225,1.877,0.87,6.149,6.52,8.071,7.191,6.612,2.22,6.955,6.4,6.429,6.903,3.343,2.91,5.699,4.45,7.325,10.252,11.221,13.444,3.065,2.752,3.884,4.335,7.465,7.542,1.108,6.696,6.636,7.489,3.657,4.43,7.046,3.346,3.039,4.251,1.187,5.626,0.771,7.072,1.505,5.904,5.739,0.62,1.721,6.264,5.584,6.501,2.825,3.038,1.588,2.469,3.792,6.188,4.244,4.898,6.749,3.568,4.726,7.617,3.869,0.571,1.352,2.909,5.234,1.579,3.081,1.527,6.782,7.387,0.547,3.628,4.534,3.727,12.988,14.33,11.799,2.554,1.941,4.315,5.294,5.201,7.709,1.076,5.849,1.628,8.363,3.491,5.182,1.705,2.416,1.983,1.528,3.696,1.841,2.885
Bruntsfield,3.22,5.874,10.266,2.541,6.664,6.093,2.43,3.953,5.102,4.008,4.071,4.435,3.135,3.225,,2.099,2.577,3.867,5.348,5.083,3.993,3.396,2.223,3.845,4.474,4.911,4.607,5.3,2.872,2.554,4.338,6.906,7.258,8.268,12.101,0.711,1.378,3.774,5.4,6.155,5.877,3.723,3.835,5.624,5.962,1.113,1.738,5.116,4.638,4.593,4.85,4.403,2.437,3.124,5.614,3.458,6.619,7.056,3.464,4.566,4.819,3.8,3.62,1.319,0.764,3.695,1.536,0.577,5.092,1.251,1.7,4.549,5.089,4.745,4.742,2.432,2.656,2.087,2.221,5.507,4.686,4.584,1.837,3.604,4.636,3.742,0.752,6.178,3.051,12.421,13.748,9.746,4.689,4.429,1.334,4.966,2.305,5.607,4.104,3.267,2.313,5.613,1.714,3.887,4.9,0.809,4.187,4.406,4.203,5.04,4.226
"Canongate, Southside and Dumbiedykes",1.179,7.963,12.346,4.359,8.107,4.27,2.194,5.177,7.098,2.774,4.064,6.495,2.102,1.877,2.099,,1.847,5.822,6.874,7.176,5.976,5.192,2.692,5.348,6.309,6.584,6.582,3.207,3.564,4.616,2.939,8.102,9.343,10.359,13.804,2.377,2.54,4.639,3.499,7.769,7.64,1.825,4.945,4.909,5.667,3.016,3.762,5.175,4.737,4.523,5.388,2.829,4.17,1.349,5.255,2.991,4.902,5.128,1.759,2.638,4.436,3.711,5.718,1.105,1.543,1.644,0.717,2.54,4.428,2.707,3.498,4.874,3.05,5.613,6.841,3.901,1.438,1.76,1.044,3.957,3.44,2.528,0.684,5.265,6.724,2.21,2.779,4.145,1.948,13.771,15.115,11.697,2.592,2.394,3.425,6.041,4.397,7.534,2.341,5.304,2.285,7.705,1.662,3.352,3.229,1.503,3.658,3.394,4.745,3.622,2.182
Canonmills and New Town North,1.939,8.053,12.431,3.76,6.805,5.724,3.906,3.866,7.533,1.454,2.236,6.185,0.583,0.87,2.577,1.847,,5.281,5.7,7.254,6.46,5.965,1.361,6.402,5.532,5.58,6.033,4.079,2.107,4.947,4.723,6.616,9.429,10.388,12.645,2.295,1.907,3.133,4.901,6.641,6.691,1.886,6.26,6.756,7.488,2.849,3.609,6.921,2.912,2.679,3.665,1.997,5.013,1.362,7.081,1.148,6.434,6.398,1.42,2.58,6.257,5.462,5.675,2.513,2.566,2.252,2.227,3.154,6.273,3.713,4.277,6.537,4.213,4.034,6.783,3,0.575,0.524,2.865,5.64,2.116,3.697,1.244,6.179,6.539,1.405,2.869,5.236,3.795,12.298,13.643,10.938,3.3,2.741,3.542,4.559,4.392,6.84,1.945,4.996,0.77,7.511,3.23,5.178,2.527,1.788,1.845,1.839,3.058,2.504,3.445
Carrick Knowe,6.77,3.38,7.439,1.526,3.631,9.958,6.081,2.642,3.812,6.564,5.034,1.102,5.811,6.149,3.867,5.822,5.281,,2.411,2.721,3.331,3.969,3.986,5,0.868,1.691,0.766,8.986,3.637,2.559,8.171,4.39,4.587,5.403,8.36,3.445,3.444,3.416,9.252,2.808,2.229,7.047,5.774,9.109,9.108,2.813,2.135,8.047,5.145,5.394,4.467,7.244,3.92,6.437,8.847,5.375,10.482,10.905,6.64,7.826,8.158,7.083,1.542,5.185,4.623,7.219,5.377,3.725,8.588,4.294,3.732,7.314,8.871,3.739,2.069,2.332,5.705,4.812,6.087,9.352,7.07,8.349,5.326,4.47,1.618,6.685,3.116,9.967,6.875,9.15,10.417,5.886,8.289,7.874,2.635,3.373,1.867,1.742,7.218,0.801,4.553,2.423,5.477,7.433,7.773,4.318,5.831,6.581,4.171,7.563,8.003
Clermiston and Drumbrae,7.541,5.4,8.816,2.883,1.337,11.144,7.766,1.857,6.149,6.615,4.461,3.241,6.086,6.52,5.348,6.874,5.7,2.411,,4.903,5.741,6.336,4.363,7.35,1.589,0.733,2.418,9.757,3.611,4.858,9.616,1.981,6.34,6.922,6.96,4.713,4.345,2.743,10.363,0.948,1.333,7.585,8.037,10.938,11.119,4.249,3.896,10.127,4.244,4.605,3.21,7.388,6.145,7.043,10.815,5.289,11.767,11.963,7.113,8.23,10.065,9.001,3.95,6.579,6.089,7.92,6.647,5.436,10.406,6.161,5.801,9.432,9.806,2.35,4.255,2.993,6.245,5.38,7.445,10.747,6.924,9.276,6.242,6.83,3.759,6.98,4.654,10.874,8.361,7.086,8.406,5.521,8.989,8.44,4.459,1.703,4.018,2.224,7.567,3.142,4.937,4.194,7.062,9.208,7.876,5.477,5.454,6.38,3.288,7.441,8.971
Clovenstone and Wester Hailes,8.301,0.8,5.199,3.776,5.88,10.805,6.561,5.348,1.422,8.672,7.545,1.679,7.832,8.071,5.083,7.176,7.254,2.721,4.903,,1.797,2.959,6.158,3.869,3.35,4.18,2.485,10.352,6.06,2.592,8.794,6.836,2.185,3.185,9.152,5.022,5.357,6.059,10.231,4.938,4.125,8.761,4.922,9.034,8.654,4.414,3.645,7.509,7.752,7.959,7.164,9.245,3.62,8.146,8.506,7.65,11.174,11.857,8.442,9.596,7.999,7.004,1.592,6.235,5.682,8.775,6.55,4.654,8.569,4.793,3.956,6.74,10.074,6.457,0.658,4.689,7.543,6.736,7.048,9.959,9.266,9.596,6.884,3.378,1.147,8.617,4.487,11.136,7.564,10.724,11.865,5.866,9.768,9.504,3.798,6.086,2.871,3.055,9.071,2.45,6.639,1.161,6.21,7.596,9.772,5.804,8.216,8.835,6.815,9.718,9.231
Colinton and Kingsknowe,7.148,2.362,6.494,3.674,6.922,9.254,4.988,5.598,1.122,7.914,7.272,2.708,7.041,7.191,3.993,5.976,6.46,3.331,5.741,1.797,,1.173,5.611,2.081,4.169,5.016,3.505,9.04,5.772,1.528,7.201,7.721,3.6,4.635,10.834,4.168,4.69,6.089,8.741,6.038,5.315,7.704,3.125,7.268,6.858,3.686,3.066,5.712,7.625,7.748,7.284,8.377,1.987,7.113,6.716,7.096,9.564,10.331,7.457,8.546,6.231,5.261,1.791,4.933,4.433,7.618,5.291,3.463,6.817,3.358,2.509,4.944,8.687,6.726,2.014,4.49,6.629,5.939,5.651,8.34,8.564,8.242,5.825,1.581,2.37,7.721,3.593,9.712,6.03,12.177,13.374,7.641,8.533,8.366,2.942,6.522,2.319,4.382,8.097,2.662,5.979,2.894,4.757,5.895,8.884,4.79,7.753,8.206,6.804,8.964,7.879
Colinton Mains and Firrhill,6.37,3.532,7.554,3.862,7.597,8.182,3.935,5.853,2.145,7.403,7.115,3.603,6.53,6.612,3.396,5.192,5.965,3.969,6.336,2.959,1.173,,5.333,1.043,4.836,5.642,4.318,8.125,5.666,1.527,6.114,8.285,4.732,5.76,11.87,3.753,4.38,6.18,7.71,6.769,6.117,6.985,1.993,6.096,5.698,3.421,3.008,4.556,7.554,7.619,7.386,7.779,1.023,6.424,5.547,6.751,8.458,9.27,6.796,7.818,5.058,4.096,2.546,4.102,3.669,6.829,4.481,2.822,5.647,2.488,1.719,3.786,7.724,6.943,3.091,4.531,6.041,5.462,4.724,7.231,8.079,7.306,5.153,0.505,3.369,7.116,3.203,8.717,4.992,13.046,14.277,8.762,7.676,7.579,2.679,6.85,2.449,5.286,7.431,3.196,5.6,4.017,3.807,4.748,8.263,4.202,7.452,7.779,6.838,8.435,6.947
Comely Bank,3.187,6.946,11.275,2.493,5.512,6.885,4.29,2.558,6.619,2.581,1.851,4.948,1.84,2.22,2.223,2.692,1.361,3.986,4.363,6.158,5.611,5.333,,5.959,4.184,4.22,4.725,5.394,0.871,4.086,5.616,5.423,8.3,9.225,11.32,1.625,0.953,1.947,6.079,5.298,5.33,3.239,6.05,7.399,7.947,1.936,2.578,7.213,2.42,2.373,2.783,3.262,4.496,2.681,7.566,1.501,7.557,7.64,2.78,3.938,6.743,5.812,4.566,2.849,2.613,3.558,2.728,2.731,6.884,3.473,3.785,6.706,5.466,2.924,5.635,1.667,1.885,1.024,3.52,6.649,3.123,4.938,2.011,5.639,5.343,2.733,2.135,6.521,4.5,11.104,12.45,9.579,4.627,4.094,2.691,3.357,3.373,5.497,3.296,3.792,0.592,6.295,3.538,5.709,3.79,1.716,2.143,2.677,2.124,3.598,4.651
Comiston and Swanston,6.502,4.345,8.071,4.78,8.623,7.815,3.711,6.764,2.808,7.797,7.79,4.641,6.939,6.955,3.845,5.348,6.402,5,7.35,3.869,2.081,1.043,5.959,,5.868,6.664,5.361,8.038,6.398,2.5,5.739,9.285,5.417,6.414,12.886,4.337,5.014,7.012,7.434,7.805,7.159,7.173,1.088,5.369,4.829,4.129,3.852,3.681,8.279,8.306,8.21,8.083,1.47,6.656,4.725,7.297,8.003,8.916,7.051,7.981,4.335,3.481,3.588,4.244,3.921,6.936,4.633,3.277,4.964,2.711,2.176,2.924,7.568,7.827,4.079,5.368,6.388,5.928,4.696,6.784,8.485,7.199,5.441,0.539,4.387,7.424,3.839,8.495,4.756,14.089,15.319,9.722,7.678,7.674,3.436,7.78,3.396,6.326,7.668,4.219,6.145,4.975,3.788,4.218,8.536,4.614,8.02,8.24,7.632,8.796,6.854
Corstorphine,7.171,3.909,7.672,1.958,2.767,10.523,6.785,2.302,4.563,6.707,4.92,1.673,6.022,6.4,4.474,6.309,5.532,0.868,1.589,3.35,4.169,4.836,4.184,5.868,,0.856,0.898,9.407,3.666,3.418,8.811,3.567,4.978,5.684,7.641,3.962,3.819,3.193,9.788,1.943,1.429,7.37,6.633,9.869,9.916,3.373,2.8,8.871,4.916,5.212,4.092,7.43,4.768,6.776,9.644,5.446,11.081,11.432,6.935,8.11,8.937,7.862,2.379,5.783,5.238,7.601,5.935,4.412,9.343,5.041,4.537,8.146,9.347,3.287,2.695,2.536,6.009,5.107,6.683,9.981,7.15,8.819,5.758,5.338,2.203,6.917,3.726,10.439,7.52,8.302,9.579,5.426,8.681,8.215,3.341,2.81,2.677,1.317,7.476,1.659,4.773,2.78,6.143,8.172,7.951,4.818,5.807,6.634,3.916,7.658,8.484
Corstorphine North,7.342,4.699,8.262,2.38,1.961,10.845,7.297,1.93,5.416,6.623,4.623,2.512,6.017,6.429,4.911,6.584,5.58,1.691,0.733,4.18,5.016,5.642,4.22,6.664,0.856,,1.698,9.577,3.562,4.185,9.23,2.712,5.69,6.324,7.227,4.322,4.046,2.864,10.083,1.254,1.115,7.457,7.386,10.437,10.56,3.798,3.351,9.543,4.509,4.842,3.567,7.378,5.501,6.888,10.269,5.316,11.439,11.706,6.999,8.149,9.537,8.466,3.225,6.185,5.668,7.747,6.29,4.937,9.907,5.625,5.203,8.834,9.577,2.719,3.53,2.689,6.099,5.209,7.071,10.381,6.997,9.045,5.984,6.14,3.034,6.918,4.187,10.659,7.955,7.622,8.922,5.407,8.825,8.312,3.911,2.148,3.379,1.674,7.496,2.446,4.81,3.517,6.617,8.719,7.884,5.134,5.576,6.462,3.515,7.513,8.726
Corstorphine South,7.535,3.014,6.835,2.288,3.457,10.7,6.766,3.137,3.762,7.297,5.67,0.838,6.558,6.903,4.607,6.582,6.033,0.766,2.418,2.485,3.505,4.318,4.725,5.361,0.898,1.698,,9.751,4.325,3.043,8.887,4.362,4.089,4.825,7.737,4.205,4.208,3.989,10.001,2.545,1.813,7.81,6.218,9.739,9.673,3.57,2.869,8.588,5.723,5.998,4.952,7.987,4.425,7.201,9.431,6.085,11.212,11.655,7.401,8.586,8.768,7.696,1.774,5.924,5.357,7.984,6.126,4.432,9.223,4.955,4.33,7.841,9.631,4.165,1.839,3.062,6.466,5.571,6.824,10.071,7.786,9.11,6.091,4.822,1.342,7.436,3.859,10.727,7.591,8.728,9.962,5.14,9.055,8.638,3.343,3.705,2.497,1.049,7.974,1.398,5.299,1.889,6.186,8.087,8.515,5.079,6.508,7.287,4.73,8.284,8.763
Craigentinny,2.238,11.13,15.49,7.488,10.883,2.214,4.341,7.939,10.158,3.687,5.99,9.698,3.806,3.343,5.3,3.207,4.079,8.986,9.757,10.352,9.04,8.125,5.394,8.038,9.407,9.577,9.751,,6.185,7.77,2.917,10.665,12.502,13.527,16.713,5.557,5.587,7.204,1.532,10.69,10.67,2.235,7.346,5.155,6.348,6.204,6.963,6.442,6.611,6.265,7.579,3.02,7.118,2.719,5.947,4.819,2.981,2.465,2.723,1.922,5.337,5.242,8.92,4.127,4.671,1.836,3.802,5.698,4.919,5.684,6.531,6.522,0.681,8.067,10.039,6.905,3.518,4.378,3.402,2.895,3.925,0.843,3.661,8.09,9.93,3.034,5.984,1.213,3.344,16.331,17.672,14.827,0.789,1.449,6.63,8.624,7.602,10.67,2.496,8.503,4.826,10.911,4.318,4.497,2.874,4.687,5.132,4.309,7.037,3.657,1.184
"Craigleith, Orchard Brae and Crewe Toll",4.01,6.823,11.055,2.284,4.698,7.742,5.093,1.763,6.7,3.065,1.507,4.683,2.477,2.91,2.872,3.564,2.107,3.637,3.611,6.06,5.772,5.666,0.871,6.398,3.666,3.562,4.325,6.185,,4.286,6.485,4.561,8.134,9.009,10.541,2.189,1.495,1.076,6.931,4.556,4.676,3.985,6.612,8.234,8.738,2.27,2.714,7.96,1.888,1.977,1.987,3.816,4.929,3.466,8.366,1.78,8.42,8.474,3.508,4.62,7.547,6.588,4.493,3.671,3.376,4.354,3.578,3.305,7.715,4.092,4.262,7.417,6.293,2.054,5.484,1.371,2.669,1.867,4.378,7.52,3.484,5.77,2.882,6.026,5.133,3.373,2.583,7.334,5.356,10.245,11.591,8.966,5.407,4.837,2.989,2.494,3.458,4.979,3.959,3.619,1.369,6.036,4.336,6.53,4.323,2.508,2.195,2.97,1.333,3.992,5.493
Craiglockhart,5.765,3.361,7.73,2.344,6.147,8.24,4.038,4.332,2.586,6.4,5.776,2.481,5.53,5.699,2.554,4.616,4.947,2.559,4.858,2.592,1.528,1.527,4.086,2.5,3.418,4.185,3.043,7.77,4.286,,6.262,6.785,4.733,5.757,10.761,2.652,3.162,4.702,7.647,5.36,4.774,6.275,3.215,6.785,6.641,2.158,1.573,5.547,6.16,6.262,5.908,6.886,1.382,5.671,6.413,5.568,8.642,9.281,5.998,7.117,5.785,4.727,1.409,3.646,3.1,6.239,3.97,2.078,6.284,2.224,1.425,4.798,7.482,5.431,2.383,3.063,5.144,4.425,4.456,7.441,7.044,7.006,4.387,1.997,2.447,6.235,2.079,8.544,5.006,11.706,12.967,7.903,7.205,6.979,1.415,5.324,0.925,4.075,6.637,1.759,4.452,3.333,3.63,5.207,7.399,3.325,6.229,6.68,5.386,7.452,6.642
Craigmillar,3.064,9.503,13.668,6.876,10.899,2.078,2.233,8.024,8.256,5.224,6.958,8.59,4.821,4.45,4.338,2.939,4.723,8.171,9.616,8.794,7.201,6.114,5.616,5.739,8.811,9.23,8.887,2.917,6.485,6.262,,10.984,10.798,11.835,16.437,4.911,5.302,7.556,1.779,10.463,10.214,3.696,4.854,2.341,3.46,5.447,6.038,3.54,7.635,7.389,8.326,4.896,5.218,3.691,3.049,5.826,2.381,3.178,4.004,4.06,2.421,2.479,7.617,3.045,3.574,3.128,2.979,4.455,2.026,4.044,4.848,3.703,2.261,8.539,8.645,6.627,4.215,4.698,2.172,1.187,5.756,2.186,3.622,5.934,8.674,4.509,5.085,2.9,1.296,16.621,17.961,14.008,3.04,3.505,5.544,8.937,6.437,9.912,4.261,7.504,5.223,9.593,2.703,1.68,5.041,4.149,6.417,5.913,7.684,5.718,2.026
Cramond,8.55,7.275,10.31,4.644,1.13,12.302,9.33,2.974,8.116,7.178,4.809,5.197,6.863,7.325,6.906,8.102,6.616,4.39,1.981,6.836,7.721,8.285,5.423,9.285,3.567,2.712,4.362,10.665,4.561,6.785,10.984,,8.089,8.546,6.397,6.217,5.705,3.493,11.489,2.017,2.851,8.432,9.92,12.527,12.824,5.87,5.671,11.884,4.337,4.733,3.221,7.961,8.025,7.972,12.496,5.894,12.98,13.013,7.945,8.942,11.715,10.674,5.931,8.023,7.597,8.861,8.016,7.1,11.996,7.87,7.615,11.219,10.828,2.601,6.199,4.475,7.19,6.427,8.829,12.056,7.308,10.311,7.428,8.774,5.702,7.695,6.286,11.844,9.789,5.686,7.032,6.083,9.878,9.259,6.22,2.067,5.911,3.944,8.28,5.105,5.919,6.03,8.592,10.791,8.384,6.86,5.807,6.769,3.655,7.804,10.046
Currie East,10.477,1.386,3.013,5.86,7.008,12.844,8.578,7.203,2.617,10.837,9.588,3.489,10.004,10.252,7.258,9.343,9.429,4.587,6.34,2.185,3.6,4.732,8.3,5.417,4.978,5.69,4.089,12.502,8.134,4.733,10.798,8.089,,1.037,8.785,7.207,7.527,8.004,12.309,6.076,5.238,10.945,6.503,10.775,10.221,6.596,5.823,9.079,9.731,9.97,9.028,11.423,5.58,10.331,10.138,9.78,13.164,13.915,10.627,11.781,9.737,8.816,3.755,8.376,7.833,10.952,8.704,6.81,10.35,6.878,6.027,8.333,12.199,8.253,2.666,6.769,9.727,8.913,9.162,11.939,11.419,11.732,9.067,5.03,3.005,10.798,6.672,13.248,9.61,10.935,11.918,5.179,11.935,11.683,5.982,7.785,5.054,4.155,11.256,4.525,8.798,2.2,8.297,9.48,11.951,7.987,10.317,10.975,8.758,11.879,11.367
Currie West,11.486,2.397,2.05,6.757,7.434,13.881,9.615,7.963,3.631,11.781,10.435,4.327,10.959,11.221,8.268,10.359,10.388,5.403,6.922,3.185,4.635,5.76,9.225,6.414,5.684,6.324,4.825,13.527,9.009,5.757,11.835,8.546,1.037,,8.462,8.192,8.482,8.802,13.345,6.534,5.722,11.94,7.497,11.781,11.195,7.571,6.792,10.059,10.536,10.795,9.773,12.385,6.617,11.324,11.126,10.69,14.199,14.952,11.612,12.773,10.744,9.836,4.721,9.403,8.856,11.96,9.726,7.831,11.363,7.913,7.062,9.319,13.231,8.97,3.605,7.655,10.704,9.876,10.194,12.974,12.348,12.761,10.067,6.044,3.886,11.768,7.666,14.281,10.648,10.85,11.745,4.818,12.951,12.688,6.979,8.459,6.038,4.7,12.236,5.434,9.739,2.981,9.332,10.507,12.914,8.986,11.201,11.891,9.55,12.817,12.396
"Dalmeny, Kirkliston and Newbridge",14.5,8.995,9.105,9.561,5.874,18.07,14.423,8.779,10.526,13.441,11.126,8.307,12.999,13.444,12.101,13.804,12.645,8.36,6.96,9.152,10.834,11.87,11.32,12.886,7.641,7.227,7.737,16.713,10.541,10.761,16.437,6.397,8.785,8.462,,11.542,11.264,9.576,17.302,6.04,6.225,14.527,13.847,17.467,17.402,10.991,10.44,16.303,10.71,11.105,9.584,14.226,12.138,13.996,17.167,12.121,18.666,18.914,14.048,15.135,16.504,15.431,9.397,13.396,12.864,14.877,13.515,12.052,16.947,12.654,12.066,15.546,16.764,8.863,8.82,9.903,13.198,12.34,14.289,17.598,13.645,16.233,13.188,12.355,8.501,13.878,11.359,17.834,15.152,3.21,3.55,3.644,15.942,15.378,10.974,8.221,10.216,6.691,14.469,9.118,11.889,7.992,13.783,15.793,14.683,12.361,12.138,13.099,9.932,14.151,15.925
Dalry and Fountainbridge,3.372,5.822,10.22,2.004,6.015,6.561,3.113,3.254,5.238,3.748,3.47,4.152,2.878,3.065,0.711,2.377,2.295,3.445,4.713,5.022,4.168,3.753,1.625,4.337,3.962,4.322,4.205,5.557,2.189,2.652,4.911,6.217,7.207,8.192,11.542,,0.702,3.065,5.829,5.551,5.331,3.756,4.445,6.31,6.672,0.648,1.426,5.826,4.003,3.99,4.155,4.249,2.879,3.138,6.321,2.998,7.13,7.477,3.42,4.583,5.522,4.509,3.476,1.868,1.386,3.837,1.977,1.123,5.779,1.903,2.162,5.25,5.427,4.034,4.603,1.752,2.524,1.773,2.749,6.06,4.397,4.905,1.92,4.032,4.426,3.607,0.575,6.522,3.647,11.765,13.097,9.324,4.886,4.535,1.251,4.261,2.154,5.162,4.049,2.95,1.848,5.411,2.377,4.574,4.769,0.874,3.704,4.052,3.514,4.8,4.559
Deans Village,3.353,6.154,10.526,1.921,5.604,6.807,3.679,2.733,5.721,3.315,2.779,4.294,2.478,2.752,1.378,2.54,1.907,3.444,4.345,5.357,4.69,4.38,0.953,5.014,3.819,4.046,4.208,5.587,1.495,3.162,5.302,5.705,7.527,8.482,11.264,0.702,,2.423,6.038,5.231,5.112,3.604,5.146,6.862,7.292,1.005,1.718,6.481,3.302,3.297,3.473,3.903,3.547,2.993,6.93,2.406,7.422,7.661,3.206,4.392,6.12,5.132,3.772,2.319,1.936,3.789,2.323,1.825,6.335,2.601,2.844,5.925,5.542,3.408,4.877,1.361,2.272,1.401,3.134,6.412,3.924,5.011,1.946,4.687,4.635,3.298,1.182,6.63,4.085,11.32,12.659,9.241,4.866,4.431,1.753,3.695,2.511,5.089,3.801,3.097,1.3,5.611,2.925,5.135,4.434,1.157,3.082,3.529,2.826,4.364,4.686
Drylaw,5.06,6.771,10.822,2.418,3.706,8.81,6.094,0.934,6.902,3.886,1.76,4.517,3.431,3.884,3.774,4.639,3.133,3.416,2.743,6.059,6.089,6.18,1.947,7.012,3.193,2.864,3.989,7.204,1.076,4.702,7.556,3.493,8.004,8.802,9.576,3.065,2.423,,7.997,3.684,3.944,4.982,7.354,9.262,9.715,2.963,3.174,8.89,1.735,2.019,1.206,4.666,5.568,4.494,9.352,2.559,9.493,9.526,4.497,5.559,8.541,7.555,4.583,4.697,4.356,5.385,4.63,4.131,8.738,4.933,4.964,8.31,7.342,0.994,5.434,1.65,3.705,2.936,5.436,8.596,4.182,6.822,3.958,6.589,5.019,4.302,3.341,8.369,6.412,9.179,10.524,8.232,6.42,5.824,3.584,1.428,3.798,4.445,4.893,3.636,2.427,5.829,5.337,7.544,5.144,3.523,2.723,3.638,0.757,4.699,6.553
Duddingston and Portobello South,2.967,10.974,15.235,7.831,11.573,0.828,3.776,8.625,9.829,4.885,7.024,9.819,4.784,4.335,5.4,3.499,4.901,9.252,10.363,10.231,8.741,7.71,6.079,7.434,9.788,10.083,10.001,1.532,6.931,7.647,1.779,11.489,12.309,13.345,17.302,5.829,6.038,7.997,,11.265,11.135,3.301,6.597,3.758,4.998,6.442,7.136,5.261,7.68,7.368,8.55,4.328,6.758,3.593,4.619,5.836,1.581,1.656,3.749,3.278,4.112,4.258,8.927,4.096,4.669,2.753,3.875,5.668,3.603,5.439,6.286,5.475,0.903,8.928,10.008,7.399,4.328,5.064,3.215,1.388,5.246,1.271,4.121,7.583,9.974,4.173,6.143,1.123,2.719,17.175,18.521,15.138,2.061,2.723,6.712,9.423,7.663,10.984,3.729,8.666,5.57,10.93,4.021,3.459,4.284,4.971,6.275,5.555,7.956,5.052,1.458
East Craigs North,8.468,5.312,8.33,3.633,0.949,12.038,8.549,2.805,6.283,7.561,5.386,3.376,7.033,7.465,6.155,7.769,6.641,2.808,0.948,4.938,6.038,6.769,5.298,7.805,1.943,1.254,2.545,10.69,4.556,5.36,10.463,2.017,6.076,6.534,6.04,5.551,5.231,3.684,11.265,,0.842,8.527,8.575,11.692,11.805,5.044,4.604,10.78,5.133,5.505,4.063,8.335,6.704,7.979,11.519,6.235,12.648,12.875,8.056,9.176,10.789,9.718,4.269,7.418,6.909,8.854,7.508,6.191,11.162,6.878,6.439,10.064,10.726,3.216,4.328,3.871,7.182,6.311,8.297,11.607,7.863,10.195,7.149,7.273,3.84,7.927,5.437,11.798,9.194,6.381,7.674,4.632,9.925,9.382,5.164,2.545,4.596,1.948,8.514,3.602,5.876,4.053,7.865,9.973,8.822,6.345,6.386,7.317,4.201,8.38,9.885
East Craigs South,8.433,4.474,7.556,3.339,1.79,11.885,8.21,3.014,5.491,7.736,5.697,2.617,7.132,7.542,5.877,7.64,6.691,2.229,1.333,4.125,5.315,6.117,5.33,7.159,1.429,1.115,1.813,10.67,4.676,4.774,10.214,2.851,5.238,5.722,6.225,5.331,5.112,3.944,11.135,0.842,,8.565,7.983,11.298,11.332,4.768,4.226,10.276,5.535,5.884,4.53,8.492,6.145,7.991,11.065,6.426,12.461,12.768,8.11,9.262,10.363,9.288,3.581,7.176,6.64,8.844,7.308,5.837,10.772,6.47,5.953,9.544,10.653,3.669,3.53,3.768,7.205,6.311,8.072,11.378,8.101,10.122,7.056,6.622,3.051,8.033,5.134,11.739,8.927,6.938,8.193,4.298,9.924,9.419,4.77,3.033,4.088,1.107,8.611,3.028,5.921,3.213,7.56,9.601,8.997,6.168,6.666,7.563,4.557,8.618,9.797
Easter Road and Hawkhill Avenue,0.743,9.559,13.959,5.522,8.676,4.124,3.865,5.747,8.819,1.597,3.775,7.872,1.571,1.108,3.723,1.825,1.886,7.047,7.585,8.761,7.704,6.985,3.239,7.173,7.37,7.457,7.81,2.235,3.985,6.275,3.696,8.432,10.945,11.94,14.527,3.756,3.604,4.982,3.301,8.527,8.565,,6.75,5.992,6.967,4.392,5.177,6.681,4.412,4.084,5.35,1.209,5.968,0.619,6.545,2.593,4.881,4.646,0.488,0.843,5.773,5.254,7.23,2.929,3.317,0.581,2.54,4.242,5.592,4.514,5.274,6.499,2.491,5.833,8.359,4.836,1.363,2.263,2.662,4.323,2.064,2.031,1.888,7.08,8.175,0.874,4.274,3.43,3.255,14.096,15.437,12.791,1.446,0.855,4.963,6.397,5.905,8.666,0.591,6.668,2.652,9.159,3.455,4.721,1.472,2.961,2.976,2.281,4.802,2.044,1.892
Fairmilehead,6.038,5.425,9.123,5.306,9.345,6.911,3.022,7.236,3.895,7.576,7.901,5.553,6.753,6.696,3.835,4.945,6.26,5.774,8.037,4.922,3.125,1.993,6.05,1.088,6.633,7.386,6.218,7.346,6.612,3.215,4.854,9.92,6.503,7.497,13.847,4.445,5.146,7.354,6.597,8.575,7.983,6.75,,4.295,3.746,4.394,4.305,2.598,8.448,8.423,8.521,7.76,1.896,6.291,3.637,7.257,7.042,8.012,6.698,7.518,3.267,2.479,4.472,3.882,3.695,6.439,4.258,3.323,3.907,2.59,2.393,1.837,6.825,8.237,5.084,5.754,6.149,5.833,4.141,5.837,8.266,6.503,5.17,1.545,5.353,7.119,4.037,7.689,4.007,14.919,16.172,10.753,7.07,7.152,3.805,8.274,4.02,7.221,7.285,4.975,6.132,6.005,3.295,3.254,8.174,4.514,7.994,8.086,7.907,8.523,6.176
Fernieside and Moredun South,5.316,9.626,13.413,8.066,12.266,3.578,3.197,9.562,8.159,7.463,8.96,9.262,6.959,6.636,5.624,4.909,6.756,9.109,10.938,9.034,7.268,6.096,7.399,5.369,9.869,10.437,9.739,5.155,8.234,6.785,2.341,12.527,10.775,11.781,17.467,6.31,6.862,9.262,3.758,11.692,11.298,5.992,4.295,,1.267,6.695,7.091,1.945,9.629,9.429,10.18,7.2,5.473,5.907,0.954,7.898,3.326,4.537,6.255,6.399,1.039,2.058,8.193,4.566,4.936,5.438,4.676,5.505,0.532,4.828,5.413,2.543,4.476,10.255,9.056,8.055,6.313,6.615,3.917,2.433,8.035,4.497,5.546,5.749,9.211,6.767,6.286,4.812,2.961,18.023,19.342,14.683,5.368,5.846,6.536,10.554,7.251,10.788,6.57,8.35,7.119,10.015,3.941,1.737,7.372,5.738,8.547,8.143,9.522,8.03,4.364
Gilmerton South and the Murrays,6.256,9.171,12.711,8.238,12.456,4.845,3.658,9.903,7.629,8.354,9.626,9.108,7.764,7.489,5.962,5.667,7.488,9.108,11.119,8.654,6.858,5.698,7.947,4.829,9.916,10.56,9.673,6.348,8.738,6.641,3.46,12.824,10.221,11.195,17.402,6.672,7.292,9.715,4.998,11.805,11.332,6.967,3.746,1.267,,6.955,7.223,1.148,10.279,10.117,10.719,8.174,5.267,6.801,0.423,8.635,4.576,5.797,7.176,7.455,1.231,2.163,8.019,5.107,5.364,6.44,5.299,5.724,1.434,4.964,5.38,1.914,5.674,10.697,8.766,8.366,7.103,7.273,4.628,3.696,8.963,5.646,6.247,5.283,8.984,7.686,6.539,6.068,3.765,18.181,19.479,14.441,6.495,6.919,6.661,10.926,7.244,10.713,7.556,8.319,7.747,9.708,4.409,2.315,8.395,6.236,9.321,9.015,10.059,9.01,5.475
Gorgie East,4.02,5.214,9.605,1.429,5.573,7.16,3.518,2.965,4.72,4.287,3.695,3.504,3.431,3.657,1.113,3.016,2.849,2.813,4.249,4.414,3.686,3.421,1.936,4.129,3.373,3.798,3.57,6.204,2.27,2.158,5.447,5.87,6.596,7.571,10.991,0.648,1.005,2.963,6.442,5.044,4.768,4.392,4.394,6.695,6.955,,0.785,6.039,4.154,4.201,4.129,4.833,2.66,3.774,6.626,3.41,7.708,8.094,4.044,5.214,5.851,4.804,2.85,2.411,1.874,4.484,2.571,1.233,6.163,2.022,2.011,5.411,6.063,3.875,3.974,1.425,3.132,2.327,3.31,6.611,4.913,5.543,2.568,3.761,3.783,4.203,0.416,7.158,4.163,11.33,12.654,8.699,5.534,5.179,0.755,4.003,1.545,4.542,4.665,2.302,2.3,4.768,2.821,4.962,5.358,1.517,4.077,4.53,3.523,5.34,5.194
Gorgie West,4.795,4.444,8.829,1.028,5.233,7.831,3.985,2.936,4.043,5.032,4.208,2.735,4.187,4.43,1.738,3.762,3.609,2.135,3.896,3.645,3.066,3.008,2.578,3.852,2.8,3.351,2.869,6.963,2.714,1.573,6.038,5.671,5.823,6.792,10.44,1.426,1.718,3.174,7.136,4.604,4.226,5.177,4.305,7.091,7.223,0.785,,6.236,4.587,4.69,4.379,5.601,2.442,4.558,6.924,4.078,8.347,8.791,4.827,5.999,6.186,5.116,2.071,3.054,2.489,5.261,3.264,1.612,6.563,2.275,1.948,5.554,6.797,3.976,3.191,1.524,3.913,3.091,3.955,7.218,5.641,6.283,3.344,3.416,3,4.977,0.995,7.89,4.743,10.964,12.271,8.009,6.305,5.961,0.563,3.971,0.797,3.878,5.447,1.543,3.013,3.985,3.352,5.381,6.128,2.279,4.708,5.233,3.832,6.081,5.93
"Gracemount, Southhouse and Burdiehouse",5.944,8.023,11.601,7.26,11.462,5.284,3.016,9.004,6.484,7.937,8.966,8,7.266,7.046,5.116,5.175,6.921,8.047,10.127,7.509,5.712,4.556,7.213,3.681,8.871,9.543,8.588,6.442,7.96,5.547,3.54,11.884,9.079,10.059,16.303,5.826,6.481,8.89,5.261,10.78,10.276,6.681,2.598,1.945,1.148,6.039,6.236,,9.599,9.473,9.947,7.861,4.167,6.42,1.093,8.054,5.17,6.324,6.817,7.271,1.157,1.464,6.91,4.44,4.599,6.203,4.695,4.809,1.766,4.02,4.341,0.77,5.798,9.857,7.631,7.463,6.602,6.643,4.138,4.114,8.583,5.664,5.68,4.136,7.86,7.315,5.627,6.377,3.43,17.16,18.448,13.307,6.448,6.774,5.676,10.039,6.194,9.623,7.271,7.252,7.082,8.569,3.718,1.994,8.146,5.498,8.766,8.568,9.292,8.693,5.43
Granton and Royston Mains,4.74,8.481,12.557,4.021,4.912,8.508,6.628,2.62,8.511,2.954,0.676,6.242,2.9,3.346,4.638,4.737,2.912,5.145,4.244,7.752,7.625,7.554,2.42,8.279,4.916,4.509,5.723,6.611,1.888,6.16,7.635,4.337,9.731,10.536,10.71,4.003,3.302,1.735,7.68,5.133,5.535,4.412,8.448,9.629,10.279,4.154,4.587,9.599,,0.396,1.126,3.711,6.809,4.096,9.885,1.847,9.248,9.054,3.941,4.762,9.058,8.175,6.236,5.178,5.013,4.931,4.985,5.125,9.133,5.886,6.128,9.116,6.902,1.923,7.139,3.144,3.434,3.017,5.713,8.528,2.985,6.424,4.084,7.913,6.737,3.578,4.448,7.822,6.673,9.838,11.165,9.759,5.831,5.164,4.877,2.598,5.306,6.14,4.128,5.309,2.532,7.562,5.892,7.996,4.089,4.109,1.513,2.457,1.002,3.472,6.229
Granton South and Wardieburn,4.448,8.7,12.824,4.199,5.301,8.196,6.481,2.932,8.665,2.592,0.522,6.484,2.606,3.039,4.593,4.523,2.679,5.394,4.605,7.959,7.748,7.619,2.373,8.306,5.212,4.842,5.998,6.265,1.977,6.262,7.389,4.733,9.97,10.795,11.105,3.99,3.297,2.019,7.368,5.505,5.884,4.084,8.423,9.429,10.117,4.201,4.69,9.473,0.396,,1.521,3.338,6.836,3.8,9.718,1.566,8.941,8.716,3.621,4.4,8.891,8.036,6.42,5.036,4.912,4.615,4.818,5.103,8.94,5.844,6.14,9.014,6.575,2.303,7.357,3.301,3.175,2.844,5.521,8.252,2.594,6.106,3.887,7.959,6.969,3.236,4.466,7.477,6.468,10.222,11.547,10.125,5.489,4.817,4.941,2.978,5.433,6.456,3.774,5.509,2.391,7.816,5.756,7.821,3.705,4.011,1.142,2.072,1.328,3.078,5.923
Granton West and Salvesen,5.584,7.847,11.764,3.609,3.792,9.376,7.067,1.827,8.069,3.99,1.61,5.566,3.789,4.251,4.85,5.388,3.665,4.467,3.21,7.164,7.284,7.386,2.783,8.21,4.092,3.567,4.952,7.579,1.987,5.908,8.326,3.221,9.028,9.773,9.584,4.155,3.473,1.206,8.55,4.063,4.53,5.35,8.521,10.18,10.719,4.129,4.379,9.947,1.126,1.521,,4.765,6.759,4.961,10.342,2.76,10.095,9.99,4.866,5.782,9.521,8.572,5.735,5.632,5.361,5.832,5.505,5.254,9.667,6.051,6.138,9.398,7.815,0.861,6.525,2.855,4.229,3.628,6.286,9.294,4.088,7.318,4.707,7.792,6.086,4.558,4.489,8.78,7.264,8.782,10.117,8.695,6.791,6.143,4.776,1.519,5.001,5.234,5.13,4.779,3.104,6.833,6.312,8.492,5.172,4.482,2.59,3.55,0.66,4.583,7.091
Great Junction Street,1.924,10.045,14.427,5.734,8.352,5.126,4.981,5.532,9.469,0.785,3.157,8.173,1.436,1.187,4.403,2.829,1.997,7.244,7.388,9.245,8.377,7.779,3.262,8.083,7.43,7.378,7.987,3.02,3.816,6.886,4.896,7.961,11.423,12.385,14.226,4.249,3.903,4.666,4.328,8.335,8.492,1.209,7.76,7.2,8.174,4.833,5.601,7.861,3.711,3.338,4.765,,6.784,1.483,7.751,2.107,5.898,5.484,1.072,1.1,6.975,6.421,7.669,3.881,4.163,1.768,3.503,4.965,6.801,5.377,6.062,7.645,3.453,5.383,8.779,4.929,1.749,2.51,3.779,5.458,0.919,3.073,2.643,7.933,8.535,0.663,4.814,4.224,4.445,13.541,14.872,12.78,2.294,1.61,5.5,6.008,6.378,8.746,0.635,6.989,2.691,9.505,4.491,5.916,0.531,3.595,2.198,1.301,4.314,0.837,3.011
Greenbank and The Braids,5.348,4.295,8.478,3.422,7.457,7.267,3.001,5.377,3.073,6.437,6.322,3.841,5.567,5.626,2.437,4.17,5.013,3.92,6.145,3.62,1.987,1.023,4.496,1.47,4.768,5.501,4.425,7.118,4.929,1.382,5.218,8.025,5.58,6.617,12.138,2.879,3.547,5.568,6.758,6.704,6.145,5.968,1.896,5.473,5.267,2.66,2.442,4.167,6.809,6.836,6.759,6.784,,5.412,5.052,5.859,7.587,8.344,5.788,6.799,4.455,3.42,2.753,3.079,2.652,5.806,3.458,1.859,4.988,1.465,0.736,3.415,6.733,6.41,3.586,3.934,5.055,4.522,3.715,6.365,7.119,6.304,4.149,1.167,3.744,6.121,2.37,7.742,4.044,13.068,14.336,9.218,6.657,6.556,1.985,6.408,2.127,5.456,6.421,3.119,4.705,4.547,2.804,3.978,7.261,3.232,6.576,6.842,6.172,7.458,5.944
Hillside and Calton Hill,0.65,8.945,13.345,4.913,8.164,4.421,3.503,5.22,8.225,1.558,3.434,7.255,1.196,0.771,3.124,1.349,1.362,6.437,7.043,8.146,7.113,6.424,2.681,6.656,6.776,6.888,7.201,2.719,3.466,5.671,3.691,7.972,10.331,11.324,13.996,3.138,2.993,4.494,3.593,7.979,7.991,0.619,6.291,5.907,6.801,3.774,4.558,6.42,4.096,3.8,4.961,1.483,5.412,,6.381,2.249,5.153,5.047,0.411,1.45,5.584,4.969,6.613,2.423,2.761,0.891,2.038,3.654,5.472,3.971,4.707,6.175,2.863,5.382,7.741,4.246,0.799,1.68,2.306,4.464,2.168,2.358,1.288,6.539,7.556,0.895,3.659,3.875,3.04,13.651,14.995,12.2,1.946,1.441,4.349,5.919,5.288,8.066,1.012,6.05,2.107,8.54,3.011,4.509,1.886,2.35,2.754,2.236,4.381,2.291,2.136
Hyvots and Gilmerton,5.834,9.05,12.689,7.932,12.151,4.503,3.276,9.562,7.532,7.934,9.229,8.89,7.351,7.072,5.614,5.255,7.081,8.847,10.815,8.506,6.716,5.547,7.566,4.725,9.644,10.269,9.431,5.947,8.366,6.413,3.049,12.496,10.138,11.126,17.167,6.321,6.93,9.352,4.619,11.519,11.065,6.545,3.637,0.954,0.423,6.626,6.924,1.093,9.885,9.718,10.342,7.751,5.052,6.381,,8.229,4.278,5.483,6.755,7.034,0.827,1.822,7.804,4.72,4.997,6.018,4.902,5.4,1.028,4.654,5.115,1.806,5.275,10.337,8.589,8.029,6.69,6.875,4.219,3.342,8.542,5.235,5.842,5.154,8.788,7.265,6.21,5.701,3.346,17.888,19.192,14.256,6.08,6.499,6.362,10.58,6.98,10.475,7.133,8.064,7.354,9.538,4.031,1.904,7.973,5.86,8.911,8.597,9.683,8.587,5.059
"Inverleith, Goldenacre and Warriston",2.893,8.434,12.74,3.935,6.247,6.665,5.04,3.438,8.115,1.327,1.188,6.385,1.053,1.505,3.458,2.991,1.148,5.375,5.289,7.65,7.096,6.751,1.501,7.297,5.446,5.316,6.085,4.819,1.78,5.568,5.826,5.894,9.78,10.69,12.121,2.998,2.406,2.559,5.836,6.235,6.426,2.593,7.257,7.898,8.635,3.41,4.078,8.054,1.847,1.566,2.76,2.107,5.859,2.249,8.229,,7.401,7.238,2.112,3.048,7.405,6.599,6.059,3.624,3.604,3.093,3.361,4.02,7.419,4.674,5.128,7.648,5.071,3.299,7.115,3.05,1.611,1.442,4.013,6.688,1.705,4.585,2.389,7.021,6.804,1.804,3.554,6.021,4.939,11.527,12.866,10.723,4.032,3.385,4.16,3.909,4.873,6.759,2.387,5.259,1.154,7.738,4.347,6.325,2.587,2.745,0.737,1.206,2.24,2.212,4.383
"Jewel, Brunstane and Newcraighall",4.516,11.878,16.007,9.127,13.009,0.774,4.613,10.076,10.603,6.466,8.587,10.949,6.348,5.904,6.619,4.902,6.434,10.482,11.767,11.174,9.564,8.458,7.557,8.003,11.081,11.439,11.212,2.981,8.42,8.642,2.381,12.98,13.164,14.199,18.666,7.13,7.422,9.493,1.581,12.648,12.461,4.881,7.042,3.326,4.576,7.708,8.347,5.17,9.248,8.941,10.095,5.898,7.587,5.153,4.278,7.401,,1.248,5.325,4.832,4.042,4.567,9.991,5.302,5.86,4.329,5.154,6.795,3.404,6.421,7.23,5.59,2.447,10.441,11.025,8.779,5.867,6.557,4.4,1.227,6.816,2.852,5.561,8.246,11.047,5.754,7.371,2.017,3.649,18.66,20.005,16.347,3.613,4.288,7.876,10.913,8.79,12.224,5.306,9.842,7.074,11.971,5.056,3.791,5.826,6.306,7.853,7.135,9.491,6.602,3.019
Joppa,4.466,12.592,16.817,9.476,13.15,1.102,5.344,10.196,11.404,6.149,8.42,11.474,6.201,5.739,7.056,5.128,6.398,10.905,11.963,11.857,10.331,9.27,7.64,8.916,11.432,11.706,11.655,2.465,8.474,9.281,3.178,13.013,13.915,14.952,18.914,7.477,7.661,9.526,1.656,12.875,12.768,4.646,8.012,4.537,5.797,8.094,8.791,6.324,9.054,8.716,9.99,5.484,8.344,5.047,5.483,7.238,1.248,,5.126,4.385,5.176,5.573,10.575,5.751,6.324,4.163,5.529,7.32,4.563,7.065,7.905,6.684,2.185,10.429,11.65,9.018,5.824,6.616,4.867,2.226,6.384,2.705,5.726,9.108,11.624,5.48,7.798,1.263,4.304,18.696,20.041,16.791,3.228,3.908,8.367,10.954,9.316,12.635,4.957,10.322,7.106,12.576,5.652,4.773,5.307,6.614,7.589,6.775,9.424,6.089,2.993
Leith (Albert Street),0.942,9.242,13.64,5.114,8.194,4.576,3.912,5.27,8.565,1.221,3.297,7.494,1.083,0.62,3.464,1.759,1.42,6.64,7.113,8.442,7.457,6.796,2.78,7.051,6.935,6.999,7.401,2.723,3.508,5.998,4.004,7.945,10.627,11.612,14.048,3.42,3.206,4.497,3.749,8.056,8.11,0.488,6.698,6.255,7.176,4.044,4.827,6.817,3.941,3.621,4.866,1.072,5.788,0.411,6.755,2.112,5.325,5.126,,1.186,5.964,5.369,6.893,2.825,3.144,0.997,2.443,4.007,5.831,4.357,5.077,6.582,2.962,5.345,8.017,4.399,0.935,1.833,2.713,4.711,1.788,2.486,1.644,6.923,7.814,0.512,3.96,3.916,3.422,13.608,14.95,12.349,1.934,1.33,4.652,5.91,5.575,8.237,0.64,6.293,2.189,8.796,3.421,4.894,1.485,2.673,2.529,1.911,4.315,1.884,2.314
Leith (Hermitage and Prospect Bank),1.483,10.395,14.794,6.3,9.265,4.059,4.574,6.376,9.662,1.808,4.174,8.678,2.143,1.721,4.566,2.638,2.58,7.826,8.23,9.596,8.546,7.818,3.938,7.981,8.11,8.149,8.586,1.922,4.62,7.117,4.06,8.942,11.781,12.773,15.135,4.583,4.392,5.559,3.278,9.176,9.262,0.843,7.518,6.399,7.455,5.214,5.999,7.271,4.762,4.4,5.782,1.1,6.799,1.45,7.034,3.048,4.832,4.385,1.186,,6.298,5.882,8.058,3.743,4.151,1.094,3.356,5.084,6.044,5.341,6.111,7.151,2.387,6.346,9.185,5.576,2.121,3.016,3.389,4.481,2.004,2.058,2.73,7.903,8.992,1.257,5.109,3.125,3.852,14.563,15.899,13.517,1.22,0.572,5.799,6.946,6.735,9.416,0.666,7.475,3.346,9.975,4.229,5.284,1.015,3.8,3.259,2.396,5.288,1.774,2.068
Liberton East,5.053,8.588,12.39,7.183,11.399,4.13,2.455,8.771,7.121,7.133,8.402,8.265,6.534,6.264,4.819,4.436,6.257,8.158,10.065,7.999,6.231,5.058,6.743,4.335,8.937,9.537,8.768,5.337,7.547,5.785,2.421,11.715,9.737,10.744,16.504,5.522,6.12,8.541,4.112,10.789,10.363,5.773,3.267,1.039,1.231,5.851,6.186,1.157,9.058,8.891,9.521,6.975,4.455,5.584,0.827,7.405,4.042,5.176,5.964,6.298,,1.075,7.19,3.895,4.184,5.26,4.074,4.633,0.663,3.912,4.437,1.577,4.681,9.528,8.032,7.243,5.873,6.048,3.397,2.961,7.75,4.583,5.017,4.71,8.198,6.473,5.436,5.225,2.545,17.146,18.456,13.672,5.399,5.777,5.625,9.783,6.292,9.816,6.364,7.387,6.527,8.99,3.211,1.084,7.217,5.04,8.089,7.791,8.861,7.812,4.375
Liberton West and Braid Hills,4.513,7.623,11.547,6.118,10.336,4.477,1.559,7.743,6.205,6.477,7.534,7.205,5.802,5.584,3.8,3.711,5.462,7.083,9.001,7.004,5.261,4.096,5.812,3.481,7.862,8.466,7.696,5.242,6.588,4.727,2.479,10.674,8.816,9.836,15.431,4.509,5.132,7.555,4.258,9.718,9.288,5.254,2.479,2.058,2.163,4.804,5.116,1.464,8.175,8.036,8.572,6.421,3.42,4.969,1.822,6.599,4.567,5.573,5.369,5.882,1.075,,6.135,3,3.212,4.799,3.238,3.578,1.569,2.842,3.366,1.29,4.64,8.535,7.005,6.208,5.138,5.197,2.677,3.372,7.127,4.424,4.22,3.794,7.153,5.863,4.388,5.376,2.033,16.079,17.387,12.625,5.145,5.408,4.555,8.764,5.218,8.745,5.842,6.313,5.649,7.966,2.284,0.805,6.725,4.096,7.307,7.105,7.914,7.25,4.15
Longstone and Saughton,6.808,2.384,6.758,2.222,5.138,9.556,5.409,3.964,2.346,7.084,5.99,1.09,6.249,6.501,3.62,5.718,5.675,1.542,3.95,1.592,1.791,2.546,4.566,3.588,2.379,3.225,1.774,8.92,4.493,1.409,7.617,5.931,3.755,4.721,9.397,3.476,3.772,4.583,8.927,4.269,3.581,7.23,4.472,8.193,8.019,2.85,2.071,6.91,6.236,6.42,5.735,7.669,2.753,6.613,7.804,6.059,9.991,10.575,6.893,8.058,7.19,6.135,,4.853,4.284,7.28,5.135,3.264,7.693,3.576,2.82,6.15,8.691,5.095,1.129,3.128,5.982,5.159,5.713,8.802,7.675,8.195,5.371,3.05,1.057,7.048,2.966,9.771,6.343,10.501,11.731,6.494,8.3,7.996,2.294,4.819,1.329,2.75,7.516,0.959,5.049,2.004,4.943,6.614,8.197,4.291,6.634,7.243,5.331,8.129,7.833
Marchmont East and Sciennes,2.275,7.007,11.363,3.837,7.874,4.777,1.45,5.049,6.055,3.716,4.534,5.724,2.933,2.825,1.319,1.105,2.513,5.185,6.579,6.235,4.933,4.102,2.849,4.244,5.783,6.185,5.924,4.127,3.671,3.646,3.045,8.023,8.376,9.403,13.396,1.868,2.319,4.697,4.096,7.418,7.176,2.929,3.882,4.566,5.107,2.411,3.054,4.44,5.178,5.036,5.632,3.881,3.079,2.423,4.72,3.624,5.302,5.751,2.825,3.743,3.895,3,4.853,,0.574,2.728,0.389,1.592,4.045,1.614,2.431,4.026,3.844,5.691,5.955,3.6,2.296,2.202,0.902,4.202,4.403,3.361,1.315,4.162,5.892,3.237,2.071,4.919,1.782,13.615,14.95,11.063,3.6,3.477,2.616,6.012,3.57,6.926,3.43,4.574,2.649,6.857,0.724,2.861,4.309,1.175,4.347,4.272,4.972,4.642,2.997
Marchmont West,2.719,6.46,10.828,3.303,7.397,5.346,1.744,4.628,5.555,3.897,4.397,5.15,3.06,3.038,0.764,1.543,2.566,4.623,6.089,5.682,4.433,3.669,2.613,3.921,5.238,5.668,5.357,4.671,3.376,3.1,3.574,7.597,7.833,8.856,12.864,1.386,1.936,4.356,4.669,6.909,6.64,3.317,3.695,4.936,5.364,1.874,2.489,4.599,5.013,4.912,5.361,4.163,2.652,2.761,4.997,3.604,5.86,6.324,3.144,4.151,4.184,3.212,4.284,0.574,,3.187,0.87,1.029,4.407,1.215,1.961,4.104,4.409,5.344,5.389,3.137,2.476,2.163,1.468,4.743,4.588,3.919,1.52,3.78,5.32,3.503,1.514,5.487,2.289,13.15,14.48,10.496,4.113,3.936,2.042,5.619,2.997,6.365,3.772,4.002,2.531,6.287,0.995,3.204,4.624,0.903,4.34,4.391,4.703,4.879,3.556
Meadowbank and Abbeyhill North,0.475,9.568,13.961,5.705,9.052,3.58,3.482,6.105,8.739,2.172,4.281,7.987,2.045,1.588,3.695,1.644,2.252,7.219,7.92,8.775,7.618,6.829,3.558,6.936,7.601,7.747,7.984,1.836,4.354,6.239,3.128,8.861,10.952,11.96,14.877,3.837,3.789,5.385,2.753,8.854,8.844,0.581,6.439,5.438,6.44,4.484,5.261,6.203,4.931,4.615,5.832,1.768,5.806,0.891,6.018,3.093,4.329,4.163,0.997,1.094,5.26,4.799,7.28,2.728,3.187,,2.348,4.17,5.05,4.342,5.142,6.064,1.983,6.27,8.409,5.084,1.685,2.543,2.302,3.743,2.641,1.493,1.917,6.884,8.257,1.447,4.314,2.984,2.775,14.539,15.883,13.026,1.081,0.75,4.99,6.81,5.952,8.878,1.134,6.784,2.992,9.243,3.161,4.225,1.956,2.991,3.525,2.86,5.261,2.593,1.322
Meadows and Southside,1.891,7.329,11.698,3.978,7.922,4.59,1.68,5.05,6.413,3.366,4.328,5.97,2.607,2.469,1.536,0.717,2.227,5.377,6.647,6.55,5.291,4.481,2.728,4.633,5.935,6.29,6.126,3.802,3.578,3.97,2.979,8.016,8.704,9.726,13.515,1.977,2.323,4.63,3.875,7.508,7.308,2.54,4.258,4.676,5.299,2.571,3.264,4.695,4.985,4.818,5.505,3.503,3.458,2.038,4.902,3.361,5.154,5.529,2.443,3.356,4.074,3.238,5.135,0.389,0.87,2.348,,1.896,4.166,1.994,2.798,4.322,3.558,5.622,6.248,3.654,1.957,1.974,0.813,4.1,4.049,3.06,0.993,4.548,6.163,2.864,2.27,4.644,1.782,13.643,14.982,11.263,3.246,3.098,2.866,5.982,3.833,7.112,3.044,4.801,2.456,7.136,1.025,3.012,3.925,1.171,4.071,3.94,4.848,4.273,2.698
Merchiston and Greenhill,3.697,5.434,9.809,2.562,6.769,6.319,2.373,4.195,4.579,4.584,4.582,4.163,3.712,3.792,0.577,2.54,3.154,3.725,5.436,4.654,3.463,2.822,2.731,3.277,4.412,4.937,4.432,5.698,3.305,2.078,4.455,7.1,6.81,7.831,12.052,1.123,1.825,4.131,5.668,6.191,5.837,4.242,3.323,5.505,5.724,1.233,1.612,4.809,5.125,5.103,5.254,4.965,1.859,3.654,5.4,4.02,6.795,7.32,4.007,5.084,4.633,3.578,3.264,1.592,1.029,4.17,1.896,,4.974,0.803,1.123,4.192,5.435,5.073,4.363,2.654,3.222,2.663,2.453,5.64,5.263,4.948,2.367,3.027,4.307,4.303,0.819,6.511,3.16,12.522,13.838,9.555,5.127,4.914,1.091,5.23,2.001,5.462,4.647,3.049,2.87,5.268,1.754,3.782,5.457,1.381,4.746,4.983,4.621,5.613,4.584
Moredun and Craigour,4.898,9.178,13.029,7.535,11.735,3.541,2.666,9.032,7.734,7.029,8.466,8.757,6.496,6.188,5.092,4.428,6.273,8.588,10.406,8.569,6.817,5.647,6.884,4.964,9.343,9.907,9.223,4.919,7.715,6.284,2.026,11.996,10.35,11.363,16.947,5.779,6.335,8.738,3.603,11.162,10.772,5.592,3.907,0.532,1.434,6.163,6.563,1.766,9.133,8.94,9.667,6.801,4.988,5.472,1.028,7.419,3.404,4.563,5.831,6.044,0.663,1.569,7.693,4.045,4.407,5.05,4.166,4.974,,4.302,4.902,2.24,4.247,9.731,8.573,7.523,5.844,6.117,3.42,2.371,7.617,4.212,5.054,5.32,8.717,6.343,5.754,4.697,2.481,17.491,18.81,14.186,5.063,5.501,6.008,10.025,6.732,10.273,6.176,7.832,6.616,9.534,3.412,1.205,6.999,5.216,8.078,7.704,9.008,7.635,4.045
Morningside,3.885,5.535,9.834,3.278,7.497,6.018,1.836,4.987,4.474,5.089,5.322,4.574,4.237,4.244,1.251,2.707,3.713,4.294,6.161,4.793,3.358,2.488,3.473,2.711,5.041,5.625,4.955,5.684,4.092,2.224,4.044,7.87,6.878,7.913,12.654,1.903,2.601,4.933,5.439,6.878,6.47,4.514,2.59,4.828,4.964,2.022,2.275,4.02,5.886,5.844,6.051,5.377,1.465,3.971,4.654,4.674,6.421,7.065,4.357,5.341,3.912,2.842,3.576,1.614,1.215,4.342,1.994,0.803,4.302,,0.853,3.391,5.334,5.876,4.606,3.447,3.677,3.262,2.295,5.226,5.779,4.884,2.734,2.568,4.633,4.717,1.613,6.371,2.782,13.237,14.545,10.016,5.2,5.091,1.714,6.025,2.459,6.001,4.983,3.557,3.543,5.55,1.419,3.139,5.839,1.938,5.409,5.552,5.414,6.085,4.521
Morningside and Craighouse,4.677,4.689,8.98,2.971,7.132,6.849,2.618,4.856,3.629,5.703,5.622,3.863,4.832,4.898,1.7,3.498,4.277,3.732,5.801,3.956,2.509,1.719,3.785,2.176,4.537,5.203,4.33,6.531,4.262,1.425,4.848,7.615,6.027,7.062,12.066,2.162,2.844,4.964,6.286,6.439,5.953,5.274,2.393,5.413,5.38,2.011,1.948,4.341,6.128,6.14,6.138,6.062,0.736,4.707,5.115,5.128,7.23,7.905,5.077,6.111,4.437,3.366,2.82,2.431,1.961,5.142,2.798,1.123,4.902,0.853,,3.633,6.187,5.845,3.802,3.361,4.327,3.786,3.148,6.023,6.384,5.735,3.434,1.904,3.868,5.398,1.681,7.224,3.609,12.82,14.109,9.306,6.03,5.892,1.42,5.898,1.865,5.379,5.713,2.952,3.975,4.756,2.27,3.797,6.544,2.498,5.848,6.105,5.534,6.727,5.371
Mortonhall and Anwickhill,5.756,7.261,10.895,6.581,10.764,5.609,2.68,8.373,5.73,7.647,8.5,7.241,6.926,6.749,4.549,4.874,6.537,7.314,9.432,6.74,4.944,3.786,6.706,2.924,8.146,8.834,7.841,6.522,7.417,4.798,3.703,11.219,8.333,9.319,15.546,5.25,5.925,8.31,5.475,10.064,9.544,6.499,1.837,2.543,1.914,5.411,5.554,0.77,9.116,9.014,9.398,7.645,3.415,6.175,1.806,7.648,5.59,6.684,6.582,7.151,1.577,1.29,6.15,4.026,4.104,6.064,4.322,4.192,2.24,3.391,3.633,,5.91,9.263,6.862,6.835,6.269,6.216,3.869,4.458,8.313,5.709,5.315,3.37,7.094,7.065,5.004,6.598,3.313,16.443,17.725,12.538,6.435,6.688,5,9.413,5.47,8.871,7.081,6.516,6.626,7.799,3.307,2.035,7.971,5.007,8.373,8.252,8.75,8.466,5.439
Mountcastle,2.283,10.84,15.167,7.403,10.977,1.674,3.857,8.024,9.797,4.047,6.258,9.521,4.027,3.568,5.089,3.05,4.213,8.871,9.806,10.074,8.687,7.724,5.466,7.568,9.347,9.577,9.631,0.681,6.293,7.482,2.261,10.828,12.199,13.231,16.764,5.427,5.542,7.342,0.903,10.726,10.653,2.491,6.825,4.476,5.674,6.063,6.797,5.798,6.902,6.575,7.815,3.453,6.733,2.863,5.275,5.071,2.447,2.185,2.962,2.387,4.681,4.64,8.691,3.844,4.409,1.983,3.558,5.435,4.247,5.334,6.187,5.91,,8.244,9.798,6.889,3.639,4.441,3.04,2.228,4.371,0.531,3.597,7.655,9.72,3.35,5.806,1.095,2.822,16.511,17.855,14.745,1.167,1.843,6.422,8.77,7.39,10.582,2.871,8.34,4.924,10.693,3.931,3.877,3.387,4.553,5.463,4.704,7.243,4.159,0.868
Muirhouse,5.972,7.111,10.946,3.089,3.013,9.746,7.084,1.133,7.441,4.599,2.264,4.824,4.263,4.726,4.745,5.613,4.034,3.739,2.35,6.457,6.726,6.943,2.924,7.827,3.287,2.719,4.165,8.067,2.054,5.431,8.539,2.601,8.253,8.97,8.863,4.034,3.408,0.994,8.928,3.216,3.669,5.833,8.237,10.255,10.697,3.875,3.976,9.857,1.923,2.303,0.861,5.383,6.41,5.382,10.337,3.299,10.441,10.429,5.345,6.346,9.528,8.535,5.095,5.691,5.344,6.27,5.622,5.073,9.731,5.876,5.845,9.263,8.244,,5.808,2.484,4.608,3.888,6.427,9.566,4.783,7.731,4.93,7.378,5.352,5.097,4.269,9.25,7.403,8.269,9.613,7.846,7.279,6.658,4.437,0.675,4.508,4.39,5.683,4.137,3.368,6.054,6.328,8.536,5.826,4.517,3.277,4.237,1.071,5.292,7.476
Murrayburn and Wester Hailes North,7.937,1.343,5.65,3.203,5.262,10.617,6.419,4.704,1.962,8.179,6.955,1.022,7.354,7.617,4.742,6.841,6.783,2.069,4.255,0.658,2.014,3.091,5.635,4.079,2.695,3.53,1.839,10.039,5.484,2.383,8.645,6.199,2.666,3.605,8.82,4.603,4.877,5.434,10.008,4.328,3.53,8.359,5.084,9.056,8.766,3.974,3.191,7.631,7.139,7.357,6.525,8.779,3.586,7.741,8.589,7.115,11.025,11.65,8.017,9.185,8.032,7.005,1.129,5.955,5.389,8.409,6.248,4.363,8.573,4.606,3.802,6.862,9.798,5.808,,4.115,7.104,6.271,6.801,9.823,8.755,9.306,6.5,3.557,0.497,8.164,4.095,10.874,7.387,10.242,11.411,5.676,9.426,9.125,3.421,5.43,2.458,2.491,8.638,1.866,6.138,0.962,6.002,7.546,9.309,5.42,7.658,8.309,6.191,9.218,8.944
Murrayfield and Ravelston,4.667,5.453,9.704,0.913,4.275,8.168,4.859,1.541,5.369,4.236,2.862,3.338,3.505,3.869,2.432,3.901,3,2.332,2.993,4.689,4.49,4.531,1.667,5.368,2.536,2.689,3.062,6.905,1.371,3.063,6.627,4.475,6.769,7.655,9.903,1.752,1.361,1.65,7.399,3.871,3.768,4.836,5.754,8.055,8.366,1.425,1.524,7.463,3.144,3.301,2.855,4.929,3.934,4.246,8.029,3.05,8.779,9.018,4.399,5.576,7.243,6.208,3.128,3.6,3.137,5.084,3.654,2.654,7.523,3.447,3.361,6.835,6.889,2.484,4.115,,3.474,2.573,4.455,7.754,4.74,6.358,3.295,4.94,3.772,4.393,1.836,7.973,5.382,10.017,11.351,7.955,6.165,5.684,1.954,2.578,2.176,3.841,4.945,2.248,2.248,4.692,4.128,6.318,5.456,2.484,3.549,4.256,2.324,5.231,6.037
New Town East and Gayfield,1.365,8.343,12.737,4.179,7.367,5.152,3.6,4.422,7.724,1.427,2.76,6.564,0.665,0.571,2.656,1.438,0.575,5.705,6.245,7.543,6.629,6.041,1.885,6.388,6.009,6.099,6.466,3.518,2.669,5.144,4.215,7.19,9.727,10.704,13.198,2.524,2.272,3.705,4.328,7.182,7.205,1.363,6.149,6.313,7.103,3.132,3.913,6.602,3.434,3.175,4.229,1.749,5.055,0.799,6.69,1.611,5.867,5.824,0.935,2.121,5.873,5.138,5.982,2.296,2.476,1.685,1.957,3.222,5.844,3.677,4.327,6.269,3.639,4.608,7.104,3.474,,0.902,2.482,5.096,2.117,3.123,0.982,6.211,6.89,1.092,3.08,4.667,3.364,12.873,14.218,11.429,2.745,2.215,3.77,5.132,4.672,7.308,1.536,5.363,1.309,7.871,2.982,4.789,2.256,1.847,2.234,1.984,3.628,2.408,2.872
New Town West,2.163,7.535,11.917,3.287,6.536,5.875,3.639,3.582,7.01,1.975,2.355,5.692,1.107,1.352,2.087,1.76,0.524,4.812,5.38,6.736,5.939,5.462,1.024,5.928,5.107,5.209,5.571,4.378,1.867,4.425,4.698,6.427,8.913,9.876,12.34,1.773,1.401,2.936,5.064,6.311,6.311,2.263,5.833,6.615,7.273,2.327,3.091,6.643,3.017,2.844,3.628,2.51,4.522,1.68,6.875,1.442,6.557,6.616,1.833,3.016,6.048,5.197,5.159,2.202,2.163,2.543,1.974,2.663,6.117,3.262,3.786,6.216,4.441,3.888,6.271,2.573,0.902,,2.699,5.686,2.63,3.914,1.083,5.689,6.036,1.897,2.347,5.497,3.665,12.112,13.458,10.527,3.618,3.112,3.018,4.36,3.871,6.406,2.408,4.497,0.526,7.011,2.926,4.981,3.039,1.324,2.177,2.32,2.988,3.027,3.63
Newington and Dalkeith Road,1.926,7.807,12.127,4.734,8.727,3.879,1.205,5.862,6.765,3.8,5.046,6.609,3.146,2.909,2.221,1.044,2.865,6.087,7.445,7.048,5.651,4.724,3.52,4.696,6.683,7.071,6.824,3.402,4.378,4.456,2.172,8.829,9.162,10.194,14.289,2.749,3.134,5.436,3.215,8.297,8.072,2.662,4.141,3.917,4.628,3.31,3.955,4.138,5.713,5.521,6.286,3.779,3.715,2.306,4.219,4.013,4.4,4.867,2.713,3.389,3.397,2.677,5.713,0.902,1.468,2.302,0.813,2.453,3.42,2.295,3.148,3.869,3.04,6.427,6.801,4.455,2.482,2.699,,3.311,4.453,2.592,1.634,4.705,6.759,3.196,2.973,4.089,0.979,14.453,15.792,11.963,2.983,3.012,3.506,6.794,4.45,7.829,3.231,5.469,3.205,7.716,0.92,2.314,4.127,1.978,4.693,4.432,5.632,4.596,2.229
Niddrie,3.814,10.658,14.781,8.039,12.016,1.171,3.405,9.114,9.376,5.914,7.855,9.777,5.648,5.234,5.507,3.957,5.64,9.352,10.747,9.959,8.34,7.231,6.649,6.784,9.981,10.381,10.071,2.895,7.52,7.441,1.187,12.056,11.939,12.974,17.598,6.06,6.412,8.596,1.388,11.607,11.378,4.323,5.837,2.433,3.696,6.611,7.218,4.114,8.528,8.252,9.294,5.458,6.365,4.464,3.342,6.688,1.227,2.226,4.711,4.481,2.961,3.372,8.802,4.202,4.743,3.743,4.1,5.64,2.371,5.226,6.023,4.458,2.228,9.566,9.823,7.754,5.096,5.686,3.311,,6.363,2.427,4.638,7.02,9.858,5.187,6.257,2.384,2.481,17.715,19.058,15.194,3.305,3.91,6.728,9.997,7.624,11.094,4.831,8.69,6.212,10.773,3.889,2.583,5.496,5.27,7.217,6.603,8.667,6.236,2.447
North Leith and Newhaven,2.719,10.058,14.398,5.607,7.791,6.045,5.633,5.093,9.626,0.691,2.519,8.063,1.551,1.579,4.686,3.44,2.116,7.07,6.924,9.266,8.564,8.079,3.123,8.485,7.15,6.997,7.786,3.925,3.484,7.044,5.756,7.308,11.419,12.348,13.645,4.397,3.924,4.182,5.246,7.863,8.101,2.064,8.266,8.035,8.963,4.913,5.641,8.583,2.985,2.594,4.088,0.919,7.119,2.168,8.542,1.705,6.816,6.384,1.788,2.004,7.75,7.127,7.675,4.403,4.588,2.641,4.049,5.263,7.617,5.779,6.384,8.313,4.371,4.783,8.755,4.74,2.117,2.63,4.453,6.363,,3.99,3.097,8.283,8.466,1.277,4.971,5.121,5.206,12.813,14.134,12.398,3.21,2.529,5.632,5.436,6.435,8.463,1.533,6.915,2.629,9.413,5.069,6.677,1.134,3.886,1.507,0.548,3.717,0.517,3.917
Northfield and Piershill,1.762,10.367,14.709,6.877,10.45,2.093,3.499,7.496,9.357,3.614,5.773,9.011,3.536,3.081,4.584,2.528,3.697,8.349,9.276,9.596,8.242,7.306,4.938,7.199,8.819,9.045,9.11,0.843,5.77,7.006,2.186,10.311,11.732,12.761,16.233,4.905,5.011,6.822,1.271,10.195,10.122,2.031,6.503,4.497,5.646,5.543,6.283,5.664,6.424,6.106,7.318,3.073,6.304,2.358,5.235,4.585,2.852,2.705,2.486,2.058,4.583,4.424,8.195,3.361,3.919,1.493,3.06,4.948,4.212,4.884,5.735,5.709,0.531,7.731,9.306,6.358,3.123,3.914,2.592,2.427,3.99,,3.066,7.259,9.219,2.902,5.294,1.621,2.502,15.995,17.34,14.22,0.888,1.489,5.918,8.25,6.888,10.057,2.464,7.827,4.401,10.194,3.5,3.696,3.073,4.031,5.007,4.286,6.738,3.823,0.365
"Old Town, Princes Street and Leith Street",1.452,7.681,12.079,3.829,7.457,4.91,2.665,4.516,6.937,2.407,3.414,6.072,1.619,1.527,1.837,0.684,1.244,5.326,6.242,6.884,5.825,5.153,2.011,5.441,5.758,5.984,6.091,3.661,2.882,4.387,3.622,7.428,9.067,10.067,13.188,1.92,1.946,3.958,4.121,7.149,7.056,1.888,5.17,5.546,6.247,2.568,3.344,5.68,4.084,3.887,4.707,2.643,4.149,1.288,5.842,2.389,5.561,5.726,1.644,2.73,5.017,4.22,5.371,1.315,1.52,1.917,0.993,2.367,5.054,2.734,3.434,5.315,3.597,4.93,6.5,3.295,0.982,1.083,1.634,4.638,3.097,3.066,,5.292,6.341,1.983,2.405,4.685,2.589,13.103,14.447,11.171,2.969,2.625,3.088,5.365,4.042,7.011,2.282,4.869,1.604,7.327,2.013,3.94,3.112,1.082,3.088,2.957,4.063,3.364,2.742
Oxgangs,6.436,3.896,7.77,4.31,8.097,8.012,3.816,6.3,2.414,7.6,7.449,4.102,6.732,6.782,3.604,5.265,6.179,4.47,6.83,3.378,1.581,0.505,5.639,0.539,5.338,6.14,4.822,8.09,6.026,1.997,5.934,8.774,5.03,6.044,12.355,4.032,4.687,6.589,7.583,7.273,6.622,7.08,1.545,5.749,5.283,3.761,3.416,4.136,7.913,7.959,7.792,7.933,1.167,6.539,5.154,7.021,8.246,9.108,6.923,7.903,4.71,3.794,3.05,4.162,3.78,6.884,4.548,3.027,5.32,2.568,1.904,3.37,7.655,7.378,3.557,4.94,6.211,5.689,4.705,7.02,8.283,7.259,5.292,,3.855,7.271,3.505,8.618,4.874,13.55,14.78,9.215,7.683,7.631,3.04,7.307,2.908,5.787,7.551,3.694,5.867,4.466,3.786,4.489,8.402,4.397,7.734,8.009,7.229,8.618,6.906
Parkhead and Sighthill,7.789,1.761,5.936,2.87,4.772,10.61,6.465,4.26,2.443,7.909,6.583,0.535,7.102,7.387,4.636,6.724,6.539,1.618,3.759,1.147,2.37,3.369,5.343,4.387,2.203,3.034,1.342,9.93,5.133,2.447,8.674,5.702,3.005,3.886,8.501,4.426,4.635,5.019,9.974,3.84,3.051,8.175,5.353,9.211,8.984,3.783,3,7.86,6.737,6.969,6.086,8.535,3.744,7.556,8.788,6.804,11.047,11.624,7.814,8.992,8.198,7.153,1.057,5.892,5.32,8.257,6.163,4.307,8.717,4.633,3.868,7.094,9.72,5.352,0.497,3.772,6.89,6.036,6.759,9.858,8.466,9.219,6.341,3.855,,7.933,3.951,10.805,7.399,9.821,11.007,5.475,9.293,8.96,3.302,4.956,2.331,2.038,8.426,1.551,5.868,0.985,5.999,7.654,9.066,5.268,7.321,8.005,5.776,8.939,8.859
Pilrig,1.451,9.417,13.806,5.164,8.008,4.994,4.389,5.124,8.816,0.727,2.96,7.586,0.901,0.547,3.742,2.21,1.405,6.685,6.98,8.617,7.721,7.116,2.733,7.424,6.917,6.918,7.436,3.034,3.373,6.235,4.509,7.695,10.798,11.768,13.878,3.607,3.298,4.302,4.173,7.927,8.033,0.874,7.119,6.767,7.686,4.203,4.977,7.315,3.578,3.236,4.558,0.663,6.121,0.895,7.265,1.804,5.754,5.48,0.512,1.257,6.473,5.863,7.048,3.237,3.503,1.447,2.864,4.303,6.343,4.717,5.398,7.065,3.35,5.097,8.164,4.393,1.092,1.897,3.196,5.187,1.277,2.902,1.983,7.271,7.933,,4.168,4.244,3.929,13.332,14.67,12.303,2.254,1.589,4.856,5.69,5.747,8.229,0.591,6.394,2.145,8.908,3.865,5.4,1.164,2.935,2.114,1.417,4.043,1.412,2.765
Polwarth,3.843,5.286,9.685,1.808,5.981,6.843,3.115,3.377,4.665,4.322,3.952,3.718,3.451,3.628,0.752,2.779,2.869,3.116,4.654,4.487,3.593,3.203,2.135,3.839,3.726,4.187,3.859,5.984,2.583,2.079,5.085,6.286,6.672,7.666,11.359,0.575,1.182,3.341,6.143,5.437,5.134,4.274,4.037,6.286,6.539,0.416,0.995,5.627,4.448,4.466,4.489,4.814,2.37,3.659,6.21,3.554,7.371,7.798,3.96,5.109,5.436,4.388,2.966,2.071,1.514,4.314,2.27,0.819,5.754,1.613,1.681,5.004,5.806,4.269,4.095,1.836,3.08,2.347,2.973,6.257,4.971,5.294,2.405,3.505,3.951,4.168,,6.898,3.794,11.738,13.059,8.998,5.342,5.03,0.692,4.413,1.638,4.856,4.593,2.535,2.411,4.934,2.432,4.554,5.331,1.324,4.249,4.623,3.87,5.373,4.939
Portobello,3.334,11.896,16.202,8.497,12.028,1.347,4.802,9.077,10.813,4.9,7.197,10.612,4.998,4.534,6.178,4.145,5.236,9.967,10.874,11.136,9.712,8.717,6.521,8.495,10.439,10.659,10.727,1.213,7.334,8.544,2.9,11.844,13.248,14.281,17.834,6.522,6.63,8.369,1.123,11.798,11.739,3.43,7.689,4.812,6.068,7.158,7.89,6.377,7.822,7.477,8.78,4.224,7.742,3.875,5.701,6.021,2.017,1.263,3.916,3.125,5.225,5.376,9.771,4.919,5.487,2.984,4.644,6.511,4.697,6.371,7.224,6.598,1.095,9.25,10.874,7.973,4.667,5.497,4.089,2.384,5.121,1.621,4.685,8.618,10.805,4.244,6.898,,3.745,17.518,18.861,15.84,1.992,2.661,7.51,9.794,8.476,11.677,3.709,9.433,5.967,11.774,4.957,4.579,4.044,5.649,6.345,5.518,8.229,4.827,1.963
Prestonfield,2.522,8.291,12.521,5.592,9.656,3.241,1.059,6.818,7.112,4.589,6.002,7.302,4.018,3.727,3.051,1.948,3.795,6.875,8.361,7.564,6.03,4.992,4.5,4.756,7.52,7.955,7.591,3.344,5.356,5.006,1.296,9.789,9.61,10.648,15.152,3.647,4.085,6.412,2.719,9.194,8.927,3.255,4.007,2.961,3.765,4.163,4.743,3.43,6.673,6.468,7.264,4.445,4.044,3.04,3.346,4.939,3.649,4.304,3.422,3.852,2.545,2.033,6.343,1.782,2.289,2.775,1.782,3.16,2.481,2.782,3.609,3.313,2.822,7.403,7.387,5.382,3.364,3.665,0.979,2.481,5.206,2.502,2.589,4.874,7.399,3.929,3.794,3.745,,15.395,16.731,12.714,3.144,3.376,4.248,7.761,5.146,8.616,3.845,6.209,4.177,8.328,1.409,1.473,4.717,2.929,5.596,5.251,6.61,5.28,2.188
Queensferry East,14.234,10.788,11.852,9.964,5.758,17.987,14.847,8.602,12.146,12.771,10.392,9.476,12.525,12.988,12.421,13.771,12.298,9.15,7.086,10.724,12.177,13.046,11.104,14.089,8.302,7.622,8.728,16.331,10.245,11.706,16.621,5.686,10.935,10.85,3.21,11.765,11.32,9.179,17.175,6.381,6.938,14.096,14.919,18.023,18.181,11.33,10.964,17.16,9.838,10.222,8.782,13.541,13.068,13.651,17.888,11.527,18.66,18.696,13.608,14.563,17.146,16.079,10.501,13.615,13.15,14.539,13.643,12.522,17.491,13.237,12.82,16.443,16.511,8.269,10.242,10.017,12.873,12.112,14.453,17.715,12.813,15.995,13.103,13.55,9.821,13.332,11.738,17.518,15.395,,1.346,6.239,15.542,14.91,11.526,7.752,10.974,7.795,13.909,9.951,11.606,9.605,14.133,16.292,13.927,12.475,11.349,12.294,9.295,13.281,15.732
Queensferry West,15.579,11.876,12.581,11.278,7.084,19.332,16.171,9.944,13.285,14.104,11.726,10.687,13.866,14.33,13.748,15.115,13.643,10.417,8.406,11.865,13.374,14.277,12.45,15.319,9.579,8.922,9.962,17.672,11.591,12.967,17.961,7.032,11.918,11.745,3.55,13.097,12.659,10.524,18.521,7.674,8.193,15.437,16.172,19.342,19.479,12.654,12.271,18.448,11.165,11.547,10.117,14.872,14.336,14.995,19.192,12.866,20.005,20.041,14.95,15.899,18.456,17.387,11.731,14.95,14.48,15.883,14.982,13.838,18.81,14.545,14.109,17.725,17.855,9.613,11.411,11.351,14.218,13.458,15.792,19.058,14.134,17.34,14.447,14.78,11.007,14.67,13.059,18.861,16.731,1.346,,6.998,16.884,16.25,12.833,9.098,12.255,9.001,15.246,11.218,12.951,10.727,15.461,17.613,15.252,13.813,12.677,13.619,10.636,14.599,17.077
"Ratho, Ingliston and Gogar",12.594,5.56,5.614,7.345,5.072,15.84,11.849,7.308,7.149,12.029,9.975,5.447,11.403,11.799,9.746,11.697,10.938,5.886,5.521,5.866,7.641,8.762,9.579,9.722,5.426,5.407,5.14,14.827,8.966,7.903,14.008,6.083,5.179,4.818,3.644,9.324,9.241,8.232,15.138,4.632,4.298,12.791,10.753,14.683,14.441,8.699,8.009,13.307,9.759,10.125,8.695,12.78,9.218,12.2,14.256,10.723,16.347,16.791,12.349,13.517,13.672,12.625,6.494,11.063,10.496,13.026,11.263,9.555,14.186,10.016,9.306,12.538,14.745,7.846,5.676,7.955,11.429,10.527,11.963,15.194,12.398,14.22,11.171,9.215,5.475,12.303,8.998,15.84,12.714,6.239,6.998,,14.106,13.639,8.471,7.177,7.575,4.163,12.874,6.506,10.171,4.749,11.306,13.103,13.289,10.194,10.955,11.86,8.809,12.915,13.879
Restalrig (Loganlea) and Craigentinny West,1.52,10.555,14.936,6.78,10.104,2.839,4.049,7.165,9.655,2.923,5.206,9.038,3.017,2.554,4.689,2.592,3.3,8.289,8.989,9.768,8.533,7.676,4.627,7.678,8.681,8.825,9.055,0.789,5.407,7.205,3.04,9.878,11.935,12.951,15.942,4.886,4.866,6.42,2.061,9.925,9.924,1.446,7.07,5.368,6.495,5.534,6.305,6.448,5.831,5.489,6.791,2.294,6.657,1.946,6.08,4.032,3.613,3.228,1.934,1.22,5.399,5.145,8.3,3.6,4.113,1.081,3.246,5.127,5.063,5.2,6.03,6.435,1.167,7.279,9.426,6.165,2.745,3.618,2.983,3.305,3.21,0.888,2.969,7.683,9.293,2.254,5.342,1.992,3.144,15.542,16.884,14.106,,0.686,6.006,7.839,6.974,9.956,1.733,7.836,4.053,10.277,3.899,4.46,2.224,4.026,4.36,3.562,6.248,2.993,1.024
Restalrig and Lochend,1.218,10.298,14.694,6.352,9.523,3.516,4.166,6.6,9.487,2.241,4.548,8.675,2.398,1.941,4.429,2.394,2.741,7.874,8.44,9.504,8.366,7.579,4.094,7.674,8.215,8.312,8.638,1.449,4.837,6.979,3.505,9.259,11.683,12.688,15.378,4.535,4.431,5.824,2.723,9.382,9.419,0.855,7.152,5.846,6.919,5.179,5.961,6.774,5.164,4.817,6.143,1.61,6.556,1.441,6.499,3.385,4.288,3.908,1.33,0.572,5.777,5.408,7.996,3.477,3.936,0.75,3.098,4.914,5.501,5.091,5.892,6.688,1.843,6.658,9.125,5.684,2.215,3.112,3.012,3.91,2.529,1.489,2.625,7.631,8.96,1.589,5.03,2.661,3.376,14.91,16.25,13.639,0.686,,5.711,7.233,6.667,9.507,1.05,7.47,3.508,9.946,3.892,4.781,1.586,3.706,3.684,2.876,5.616,2.336,1.5
Shandon,4.517,4.596,8.996,1.584,5.795,7.383,3.451,3.436,3.994,4.992,4.439,3.109,4.125,4.315,1.334,3.425,3.542,2.635,4.459,3.798,2.942,2.679,2.691,3.436,3.341,3.911,3.343,6.63,2.989,1.415,5.544,6.22,5.982,6.979,10.974,1.251,1.753,3.584,6.712,5.164,4.77,4.963,3.805,6.536,6.661,0.755,0.563,5.676,4.877,4.941,4.776,5.5,1.985,4.349,6.362,4.16,7.876,8.367,4.652,5.799,5.625,4.555,2.294,2.616,2.042,4.99,2.866,1.091,6.008,1.714,1.42,5,6.422,4.437,3.421,1.954,3.77,3.018,3.506,6.728,5.632,5.918,3.088,3.04,3.302,4.856,0.692,7.51,4.248,11.526,12.833,8.471,6.006,5.711,,4.478,0.972,4.371,5.285,1.966,3.037,4.28,2.845,4.831,6.019,2.007,4.832,5.264,4.196,6.044,5.559
Silverknowes and Davidson's Mains,6.488,6.699,10.409,3.001,2.355,10.235,7.362,1.043,7.156,5.223,2.919,4.421,4.836,5.294,4.966,6.041,4.559,3.373,1.703,6.086,6.522,6.85,3.357,7.78,2.81,2.148,3.705,8.624,2.494,5.324,8.937,2.067,7.785,8.459,8.221,4.261,3.695,1.428,9.423,2.545,3.033,6.397,8.274,10.554,10.926,4.003,3.971,10.039,2.598,2.978,1.519,6.008,6.408,5.919,10.58,3.909,10.913,10.954,5.91,6.946,9.783,8.764,4.819,6.012,5.619,6.81,5.982,5.23,10.025,6.025,5.898,9.413,8.77,0.675,5.43,2.578,5.132,4.36,6.794,9.997,5.436,8.25,5.365,7.307,4.956,5.69,4.413,9.794,7.761,7.752,9.098,7.177,7.839,7.233,4.478,,4.401,3.819,6.28,3.877,3.854,5.589,6.613,8.822,6.462,4.84,3.933,4.889,1.719,5.947,7.981
Slateford and Chesser,5.48,3.671,8.066,1.419,5.331,8.319,4.28,3.407,3.257,5.822,4.963,2.162,4.972,5.201,2.305,4.397,4.392,1.867,4.018,2.871,2.319,2.449,3.373,3.396,2.677,3.379,2.497,7.602,3.458,0.925,6.437,5.911,5.054,6.038,10.216,2.154,2.511,3.798,7.663,4.596,4.088,5.905,4.02,7.251,7.244,1.545,0.797,6.194,5.306,5.433,5.001,6.378,2.127,5.288,6.98,4.873,8.79,9.316,5.575,6.735,6.292,5.218,1.329,3.57,2.997,5.952,3.833,2.001,6.732,2.459,1.865,5.47,7.39,4.508,2.458,2.176,4.672,3.871,4.45,7.624,6.435,6.888,4.042,2.908,2.331,5.747,1.638,8.476,5.146,10.974,12.255,7.575,6.974,6.667,0.972,4.401,,3.544,6.201,1.1,3.808,3.309,3.736,5.591,6.903,2.962,5.496,6.03,4.497,6.873,6.529
South Gyle,8.44,3.369,6.602,3.183,2.897,11.697,7.807,3.524,4.447,8.024,6.194,1.687,7.336,7.709,5.607,7.534,6.84,1.742,2.224,3.055,4.382,5.286,5.497,6.326,1.317,1.674,1.049,10.67,4.979,4.075,9.912,3.944,4.155,4.7,6.691,5.162,5.089,4.445,10.984,1.948,1.107,8.666,7.221,10.788,10.713,4.542,3.878,9.623,6.14,6.456,5.234,8.746,5.456,8.066,10.475,6.759,12.224,12.635,8.237,9.416,9.816,8.745,2.75,6.926,6.365,8.878,7.112,5.462,10.273,6.001,5.379,8.871,10.582,4.39,2.491,3.841,7.308,6.406,7.829,11.094,8.463,10.057,7.011,5.787,2.038,8.229,4.856,11.677,8.616,7.795,9.001,4.163,9.956,9.507,4.371,3.819,3.544,,8.786,2.444,6.084,2.107,7.216,9.135,9.267,6.032,7.103,7.943,5.139,8.972,9.716
South Leith,1.329,9.871,14.267,5.693,8.599,4.538,4.436,5.713,9.204,1.191,3.526,8.095,1.482,1.076,4.104,2.341,1.945,7.218,7.567,9.071,8.097,7.431,3.296,7.668,7.476,7.496,7.974,2.496,3.959,6.637,4.261,8.28,11.256,12.236,14.469,4.049,3.801,4.893,3.729,8.514,8.611,0.591,7.285,6.57,7.556,4.665,5.447,7.271,4.128,3.774,5.13,0.635,6.421,1.012,7.133,2.387,5.306,4.957,0.64,0.666,6.364,5.842,7.516,3.43,3.772,1.134,3.044,4.647,6.176,4.983,5.713,7.081,2.871,5.683,8.638,4.945,1.536,2.408,3.231,4.831,1.533,2.464,2.282,7.551,8.426,0.591,4.593,3.709,3.845,13.909,15.246,12.874,1.733,1.05,5.285,6.28,6.201,8.786,,6.896,2.704,9.406,3.995,5.312,0.896,3.313,2.638,1.833,4.627,1.46,2.384
Stenhouse and Saughton Mains,6.321,3.205,7.484,1.336,4.403,9.347,5.37,3.005,3.304,6.358,5.096,1.205,5.555,5.849,3.267,5.304,4.996,0.801,3.142,2.45,2.662,3.196,3.792,4.219,1.659,2.446,1.398,8.503,3.619,1.759,7.504,5.105,4.525,5.434,9.118,2.95,3.097,3.636,8.666,3.602,3.028,6.668,4.975,8.35,8.319,2.302,1.543,7.252,5.309,5.509,4.779,6.989,3.119,6.05,8.064,5.259,9.842,10.322,6.293,7.475,7.387,6.313,0.959,4.574,4.002,6.784,4.801,3.049,7.832,3.557,2.952,6.516,8.34,4.137,1.866,2.248,5.363,4.497,5.469,8.69,6.915,7.827,4.869,3.694,1.551,6.394,2.535,9.433,6.209,9.951,11.218,6.506,7.836,7.47,1.966,3.877,1.1,2.444,6.896,,4.317,2.516,4.801,6.691,7.521,3.816,5.793,6.458,4.387,7.388,7.473
Stockbridge,2.641,7.433,11.787,3.044,6.062,6.385,4.098,3.113,7.019,2.042,1.885,5.49,1.259,1.628,2.313,2.285,0.77,4.553,4.937,6.639,5.979,5.6,0.592,6.145,4.773,4.81,5.299,4.826,1.369,4.452,5.223,5.919,8.798,9.739,11.889,1.848,1.3,2.427,5.57,5.876,5.921,2.652,6.132,7.119,7.747,2.3,3.013,7.082,2.532,2.391,3.104,2.691,4.705,2.107,7.354,1.154,7.074,7.106,2.189,3.346,6.527,5.649,5.049,2.649,2.531,2.992,2.456,2.87,6.616,3.543,3.975,6.626,4.924,3.368,6.138,2.248,1.309,0.526,3.205,6.212,2.629,4.401,1.604,5.867,5.868,2.145,2.411,5.967,4.177,11.606,12.951,10.171,4.053,3.508,3.037,3.854,3.808,6.084,2.704,4.317,,6.83,3.367,5.468,3.221,1.64,1.876,2.23,2.462,3.081,4.127
The Calders,8.774,1.266,5.021,3.807,5.002,11.552,7.371,5.01,2.563,8.869,7.455,1.354,8.07,8.363,5.613,7.705,7.511,2.423,4.194,1.161,2.894,4.017,6.295,4.975,2.78,3.517,1.889,10.911,6.036,3.333,9.593,6.03,2.2,2.981,7.992,5.411,5.611,5.829,10.93,4.053,3.213,9.159,6.005,10.015,9.708,4.768,3.985,8.569,7.562,7.816,6.833,9.505,4.547,8.54,9.538,7.738,11.971,12.576,8.796,9.975,8.99,7.966,2.004,6.857,6.287,9.243,7.136,5.268,9.534,5.55,4.756,7.799,10.693,6.054,0.962,4.692,7.871,7.011,7.716,10.773,9.413,10.194,7.327,4.466,0.985,8.908,4.934,11.774,8.328,9.605,10.727,4.749,10.277,9.946,4.28,5.589,3.309,2.107,9.406,2.516,6.83,,6.936,8.507,10.036,6.253,8.231,8.943,6.58,9.892,9.833
The Grange,2.747,6.955,11.245,4.239,8.377,4.616,0.757,5.623,5.865,4.388,5.252,5.894,3.631,3.491,1.714,1.662,3.23,5.477,7.062,6.21,4.757,3.807,3.538,3.788,6.143,6.617,6.186,4.318,4.336,3.63,2.703,8.592,8.297,9.332,13.783,2.377,2.925,5.337,4.021,7.865,7.56,3.455,3.295,3.941,4.409,2.821,3.352,3.718,5.892,5.756,6.312,4.491,2.804,3.011,4.031,4.347,5.056,5.652,3.421,4.229,3.211,2.284,4.943,0.724,0.995,3.161,1.025,1.754,3.412,1.419,2.27,3.307,3.931,6.328,6.002,4.128,2.982,2.926,0.92,3.889,5.069,3.5,2.013,3.786,5.999,3.865,2.432,4.957,1.409,14.133,15.461,11.306,3.899,3.892,2.845,6.613,3.736,7.216,3.995,4.801,3.367,6.936,,2.211,4.887,1.829,5.069,4.966,5.652,5.278,3.14
The Inch,3.993,8.248,12.26,6.342,10.535,3.675,1.461,7.827,6.883,6.054,7.336,7.659,5.45,5.182,3.887,3.352,5.178,7.433,9.208,7.596,5.895,4.748,5.709,4.218,8.172,8.719,8.087,4.497,6.53,5.207,1.68,10.791,9.48,10.507,15.793,4.574,5.135,7.544,3.459,9.973,9.601,4.721,3.254,1.737,2.315,4.962,5.381,1.994,7.996,7.821,8.492,5.916,3.978,4.509,1.904,6.325,3.791,4.773,4.894,5.284,1.084,0.805,6.614,2.861,3.204,4.225,3.012,3.782,1.205,3.139,3.797,2.035,3.877,8.536,7.546,6.318,4.789,4.981,2.314,2.583,6.677,3.696,3.94,4.489,7.654,5.4,4.554,4.579,1.473,16.292,17.613,13.103,4.46,4.781,4.831,8.822,5.591,9.135,5.312,6.691,5.468,8.507,2.211,,6.177,4.025,7.007,6.709,7.832,6.752,3.446
The Shore and Constitution Street,2.215,10.571,14.955,6.265,8.813,5.053,5.331,6.023,9.98,1.263,3.576,8.704,1.967,1.705,4.9,3.229,2.527,7.773,7.876,9.772,8.884,8.263,3.79,8.536,7.951,7.884,8.515,2.874,4.323,7.399,5.041,8.384,11.951,12.914,14.683,4.769,4.434,5.144,4.284,8.822,8.997,1.472,8.174,7.372,8.395,5.358,6.128,8.146,4.089,3.705,5.172,0.531,7.261,1.886,7.973,2.587,5.826,5.307,1.485,1.015,7.217,6.725,8.197,4.309,4.624,1.956,3.925,5.457,6.999,5.839,6.544,7.971,3.387,5.826,9.309,5.456,2.256,3.039,4.127,5.496,1.134,3.073,3.112,8.402,9.066,1.164,5.331,4.044,4.717,13.927,15.252,13.289,2.224,1.586,6.019,6.462,6.903,9.267,0.896,7.521,3.221,10.036,4.887,6.177,,4.095,2.584,1.633,4.754,0.784,3.074
Tollcross,2.521,6.6,11,2.862,6.751,5.717,2.586,3.889,5.893,3.205,3.495,5.014,2.335,2.416,0.809,1.503,1.788,4.318,5.477,5.804,4.79,4.202,1.716,4.614,4.818,5.134,5.079,4.687,2.508,3.325,4.149,6.86,7.987,8.986,12.361,0.874,1.157,3.523,4.971,6.345,6.168,2.961,4.514,5.738,6.236,1.517,2.279,5.498,4.109,4.011,4.482,3.595,3.232,2.35,5.86,2.745,6.306,6.614,2.673,3.8,5.04,4.096,4.291,1.175,0.903,2.991,1.171,1.381,5.216,1.938,2.498,5.007,4.553,4.517,5.42,2.484,1.847,1.324,1.978,5.27,3.886,4.031,1.082,4.397,5.268,2.935,1.324,5.649,2.929,12.475,13.813,10.194,4.026,3.706,2.007,4.84,2.962,6.032,3.313,3.816,1.64,6.253,1.829,4.025,4.095,,3.481,3.626,3.823,4.233,3.686
Trinity,3.404,8.991,13.249,4.457,6.287,7.1,5.75,3.652,8.751,1.451,1.014,6.877,1.597,1.983,4.187,3.658,1.845,5.831,5.454,8.216,7.753,7.452,2.143,8.02,5.807,5.576,6.508,5.132,2.195,6.229,6.417,5.807,10.317,11.201,12.138,3.704,3.082,2.723,6.275,6.386,6.666,2.976,7.994,8.547,9.321,4.077,4.708,8.766,1.513,1.142,2.59,2.198,6.576,2.754,8.911,0.737,7.853,7.589,2.529,3.259,8.089,7.307,6.634,4.347,4.34,3.525,4.071,4.746,8.078,5.409,5.848,8.373,5.463,3.277,7.658,3.549,2.234,2.177,4.693,7.217,1.507,5.007,3.088,7.734,7.321,2.114,4.249,6.345,5.596,11.349,12.677,10.955,4.36,3.684,4.832,3.933,5.496,7.103,2.638,5.793,1.876,8.231,5.069,7.007,2.584,3.481,,0.963,2.214,2.015,4.844
Trinity East and The Dudleys,2.849,9.623,13.941,5.138,7.244,6.368,5.578,4.553,9.249,0.691,1.973,7.59,1.34,1.528,4.406,3.394,1.839,6.581,6.38,8.835,8.206,7.779,2.677,8.24,6.634,6.462,7.287,4.309,2.97,6.68,5.913,6.769,10.975,11.891,13.099,4.052,3.529,3.638,5.555,7.317,7.563,2.281,8.086,8.143,9.015,4.53,5.233,8.568,2.457,2.072,3.55,1.301,6.842,2.236,8.597,1.206,7.135,6.775,1.911,2.396,7.791,7.105,7.243,4.272,4.391,2.86,3.94,4.983,7.704,5.552,6.105,8.252,4.704,4.237,8.309,4.256,1.984,2.32,4.432,6.603,0.548,4.286,2.957,8.009,8.005,1.417,4.623,5.518,5.251,12.294,13.619,11.86,3.562,2.876,5.264,4.889,6.03,7.943,1.833,6.458,2.23,8.943,4.966,6.709,1.633,3.626,0.963,,3.17,1.063,4.172
West Pilton,4.99,7.528,11.565,3.145,4.074,8.781,6.407,1.618,7.64,3.529,1.2,5.272,3.232,3.696,4.203,4.745,3.058,4.171,3.288,6.815,6.804,6.838,2.124,7.632,3.916,3.515,4.73,7.037,1.333,5.386,7.684,3.655,8.758,9.55,9.932,3.514,2.826,0.757,7.956,4.201,4.557,4.802,7.907,9.522,10.059,3.523,3.832,9.292,1.002,1.328,0.66,4.314,6.172,4.381,9.683,2.24,9.491,9.424,4.315,5.288,8.861,7.914,5.331,4.972,4.703,5.261,4.848,4.621,9.008,5.414,5.534,8.75,7.243,1.071,6.191,2.324,3.628,2.988,5.632,8.667,3.717,6.738,4.063,7.229,5.776,4.043,3.87,8.229,6.61,9.295,10.636,8.809,6.248,5.616,4.196,1.719,4.497,5.139,4.627,4.387,2.462,6.58,5.652,7.832,4.754,3.823,2.214,3.17,,4.228,6.499
Western Harbour and Leith Docks,2.76,10.513,14.866,6.088,8.302,5.829,5.794,5.61,10.037,1.053,3.029,8.545,1.923,1.841,5.04,3.622,2.504,7.563,7.441,9.718,8.964,8.435,3.598,8.796,7.658,7.513,8.284,3.657,3.992,7.452,5.718,7.804,11.879,12.817,14.151,4.8,4.364,4.699,5.052,8.38,8.618,2.044,8.523,8.03,9.01,5.34,6.081,8.693,3.472,3.078,4.583,0.837,7.458,2.291,8.587,2.212,6.602,6.089,1.884,1.774,7.812,7.25,8.129,4.642,4.879,2.593,4.273,5.613,7.635,6.085,6.727,8.466,4.159,5.292,9.218,5.231,2.408,3.027,4.596,6.236,0.517,3.823,3.364,8.618,8.939,1.412,5.373,4.827,5.28,13.281,14.599,12.915,2.993,2.336,6.044,5.947,6.873,8.972,1.46,7.388,3.081,9.892,5.278,6.752,0.784,4.233,2.015,1.063,4.228,,3.797
Willowbrae and Duddingston Village,1.509,10.002,14.344,6.538,10.159,2.285,3.162,7.206,8.994,3.489,5.57,8.655,3.33,2.885,4.226,2.182,3.445,8.003,8.971,9.231,7.879,6.947,4.651,6.854,8.484,8.726,8.763,1.184,5.493,6.642,2.026,10.046,11.367,12.396,15.925,4.559,4.686,6.553,1.458,9.885,9.797,1.892,6.176,4.364,5.475,5.194,5.93,5.43,6.229,5.923,7.091,3.011,5.944,2.136,5.059,4.383,3.019,2.993,2.314,2.068,4.375,4.15,7.833,2.997,3.556,1.322,2.698,4.584,4.045,4.521,5.371,5.439,0.868,7.476,8.944,6.037,2.872,3.63,2.229,2.447,3.917,0.365,2.742,6.906,8.859,2.765,4.939,1.963,2.188,15.732,17.077,13.879,1.024,1.5,5.559,7.981,6.529,9.716,2.384,7.473,4.127,9.833,3.14,3.446,3.074,3.686,4.844,4.172,6.499,3.797,
